index,qubits,sys_noisy,sys_ideal,ideal,noisy
0,4,ibmq_kolkata,AerSimulator,"[0.0, 0.0, 0.0, 0.0, 0.5, 0.5, 0.5, 0.5]","[0.0, 0.0, 0.0, 0.0, 0.5, 0.5, 0.5, 0.5]"
1,4,ibmq_kolkata,AerSimulator,"[0.0, 0.0, 0.0, 0.0, 0.46666667, 0.53333336, 0.53333336, 0.53333336]","[0.0, 0.0, 0.0, 0.0, 0.5, 0.5, 0.5, 0.5]"
2,4,ibmq_kolkata,AerSimulator,"[0.0, 0.0, 0.0, 0.0, 0.5, 0.5, 0.5, 0.5]","[0.0, 0.0, 0.0, 0.0, 0.5, 0.5, 0.5, 0.5]"
3,4,ibmq_kolkata,AerSimulator,"[0.0, 0.0, 0.0, 0.0, 0.46666667, 0.53333336, 0.46666667, 0.46666667]","[0.0, 0.0, 0.0, 0.0, 0.5, 0.5, 0.5, 0.5]"
4,4,ibmq_kolkata,AerSimulator,"[0.0, 0.0, 0.0, 0.0, 0.5, 0.5, 0.5, 0.5]","[0.0, 0.0, 0.0, 0.0, 0.5, 0.5, 0.5, 0.5]"
5,4,ibmq_kolkata,AerSimulator,"[0.0, 0.0, 0.0, 0.0, 0.5, 0.5, 0.5, 0.5]","[0.0, 0.0, 0.0, 0.0, 0.5, 0.5, 0.5, 0.5]"
6,4,ibmq_kolkata,AerSimulator,"[0.0, 0.0, 0.0, 0.0, 0.5, 0.5, 0.5, 0.5]","[0.0, 0.0, 0.0, 0.0, 0.5, 0.5, 0.5, 0.5]"
7,4,ibmq_kolkata,AerSimulator,"[0.0, 0.0, 0.0, 0.0, 0.0, 0.33333334, 0.6666667, 0.5]","[0.0, 0.0, 0.0, 0.0, 0.6, 0.8, 0.5, 0.6]"
8,4,ibmq_kolkata,AerSimulator,"[0.0, 0.0, 0.0, 0.0, 0.5, 0.5, 0.6666667, 0.6666667]","[0.0, 0.0, 0.0, 0.0, 0.5, 0.5, 0.5, 0.5]"
9,4,ibmq_kolkata,AerSimulator,"[0.0, 0.0, 0.0, 0.0, 0.5, 0.5, 0.5, 0.5]","[0.0, 0.0, 0.0, 0.0, 0.5, 0.5, 0.5, 0.5]"
10,4,ibmq_kolkata,AerSimulator,"[0.0, 0.0, 0.0, 0.0, 0.0, 0.0, 0.5, 0.5]","[0.0, 0.0, 0.0, 0.0, 0.5, 0.5, 0.5, 0.5]"
11,4,ibmq_kolkata,AerSimulator,"[0.0, 0.0, 0.0, 0.0, 0.5, 0.5, 0.5, 0.5]","[0.0, 0.0, 0.0, 0.0, 0.5, 0.5, 0.5, 0.5]"
12,4,ibmq_kolkata,AerSimulator,"[0.0, 0.0, 0.0, 0.0, 0.53333336, 0.46666667, 0.46666667, 0.53333336]","[0.0, 0.0, 0.0, 0.0, 0.5, 0.5, 0.5, 0.5]"
13,4,ibmq_kolkata,AerSimulator,"[0.0, 0.0, 0.0, 0.0, 0.5, 0.5, 0.5, 0.5]","[0.0, 0.0, 0.0, 0.0, 0.5, 0.5, 0.5, 0.5]"
14,4,ibmq_kolkata,AerSimulator,"[0.0, 0.0, 0.0, 0.0, 0.5, 0.5, 0.5, 0.5]","[0.0, 0.0, 0.0, 0.0, 0.5, 0.5, 0.5, 0.5]"
15,4,ibmq_kolkata,AerSimulator,"[0.0, 0.0, 0.0, 0.0, 0.53333336, 0.46666667, 0.46666667, 0.53333336]","[0.0, 0.0, 0.0, 0.0, 0.5, 0.5, 0.5, 0.5]"
16,4,ibmq_kolkata,AerSimulator,"[0.0, 0.0, 0.0, 0.0, 0.5, 0.5, 0.5, 0.5]","[0.0, 0.0, 0.0, 0.0, 0.5, 0.5, 0.5, 0.5]"
17,4,ibmq_kolkata,AerSimulator,"[0.0, 0.0, 0.0, 0.0, 0.5, 0.5, 0.5, 0.5]","[0.0, 0.0, 0.0, 0.0, 0.5, 0.5, 0.5, 0.5]"
18,4,ibmq_kolkata,AerSimulator,"[0.0, 0.0, 0.0, 0.0, 0.53333336, 0.53333336, 0.46666667, 0.53333336]","[0.0, 0.0, 0.0, 0.0, 0.5, 0.5, 0.5, 0.5]"
19,4,ibmq_kolkata,AerSimulator,"[0.0, 0.0, 0.0, 0.0, 0.5, 0.5, 0.5, 0.5]","[0.0, 0.0, 0.0, 0.0, 0.5, 0.5, 0.5, 0.5]"
20,4,ibmq_kolkata,AerSimulator,"[0.0, 0.0, 0.0, 0.0, 0.0, 0.5, 0.5, 0.5]","[0.0, 0.0, 0.0, 0.0, 0.5, 0.5, 0.5, 0.5]"
21,4,ibmq_kolkata,AerSimulator,"[0.0, 0.0, 0.0, 0.0, 0.5, 0.5, 0.5, 0.5]","[0.0, 0.0, 0.0, 0.0, 0.5, 0.5, 0.5, 0.5]"
22,4,ibmq_kolkata,AerSimulator,"[0.0, 0.0, 0.0, 0.0, 0.5, 0.5, 0.5, 0.5]","[0.0, 0.0, 0.0, 0.0, 0.5, 0.5, 0.5, 0.5]"
23,4,ibmq_kolkata,AerSimulator,"[0.0, 0.0, 0.0, 0.0, 0.0, 0.0, 0.0, 0.5]","[0.0, 0.0, 0.0, 0.0, 0.44444445, 0.7777778, 0.33333334, 0.33333334]"
24,4,ibmq_kolkata,AerSimulator,"[0.0, 0.0, 0.0, 0.0, 0.5, 0.5, 0.5, 0.5]","[0.0, 0.0, 0.0, 0.0, 0.5, 0.5, 0.5, 0.5]"
0,5,ibmq_kolkata,AerSimulator,"[0.0, 0.0, 0.0, 0.5, 0.5, 0.5, 0.5, 0.5]","[0.0, 0.0, 0.0, 0.5, 0.5, 0.5, 0.5, 0.5]"
1,5,ibmq_kolkata,AerSimulator,"[0.0, 0.0, 0.0, 0.5, 0.5, 0.5, 0.5, 0.5]","[0.0, 0.0, 0.0, 0.5, 0.5, 0.5, 0.5, 0.5]"
2,5,ibmq_kolkata,AerSimulator,"[0.0, 0.0, 0.0, 0.5, 0.0, 0.0, 0.5, 0.0]","[0.0, 0.0, 0.0, 0.5, 0.42857143, 0.42857143, 0.5, 0.42857143]"
3,5,ibmq_kolkata,AerSimulator,"[0.0, 0.0, 0.0, 0.48387095, 0.48387095, 0.48387095, 0.516129, 0.48387095]","[0.0, 0.0, 0.0, 0.5, 0.5, 0.5, 0.5, 0.5]"
4,5,ibmq_kolkata,AerSimulator,"[0.0, 0.0, 0.0, 0.48387095, 0.48387095, 0.48387095, 0.516129, 0.516129]","[0.0, 0.0, 0.0, 0.5, 0.5, 0.5, 0.5, 0.5]"
5,5,ibmq_kolkata,AerSimulator,"[0.0, 0.0, 0.0, 0.5, 0.46666667, 0.46666667, 0.53333336, 0.53333336]","[0.0, 0.0, 0.0, 0.5, 0.5, 0.5, 0.5, 0.5]"
6,5,ibmq_kolkata,AerSimulator,"[0.0, 0.0, 0.0, 0.5, 0.5, 0.5, 0.5, 0.46666667]","[0.0, 0.0, 0.0, 0.5, 0.5, 0.5, 0.5, 0.5]"
7,5,ibmq_kolkata,AerSimulator,"[0.0, 0.0, 0.0, 0.4827586, 0.4827586, 0.4827586, 0.51724136, 0.51724136]","[0.0, 0.0, 0.0, 0.5, 0.5, 0.5, 0.5, 0.5]"
8,5,ibmq_kolkata,AerSimulator,"[0.0, 0.0, 0.0, 0.5, 0.5, 0.5, 0.5, 0.5]","[0.0, 0.0, 0.0, 0.5, 0.5, 0.5, 0.5, 0.5]"
9,5,ibmq_kolkata,AerSimulator,"[0.0, 0.0, 0.0, 0.5, 0.5, 0.5, 0.5, 0.5]","[0.0, 0.0, 0.0, 0.5, 0.5, 0.5, 0.5, 0.5]"
10,5,ibmq_kolkata,AerSimulator,"[0.0, 0.0, 0.0, 0.5, 0.5, 0.46666667, 0.5, 0.53333336]","[0.0, 0.0, 0.0, 0.5, 0.5, 0.5, 0.5, 0.5]"
11,5,ibmq_kolkata,AerSimulator,"[0.0, 0.0, 0.0, 0.4827586, 0.44827586, 0.44827586, 0.51724136, 0.51724136]","[0.0, 0.0, 0.0, 0.5, 0.5, 0.5, 0.5, 0.5]"
12,5,ibmq_kolkata,AerSimulator,"[0.0, 0.0, 0.0, 0.5, 0.5, 0.5, 0.5, 0.5]","[0.0, 0.0, 0.0, 0.5, 0.5, 0.5, 0.5, 0.5]"
13,5,ibmq_kolkata,AerSimulator,"[0.0, 0.0, 0.0, 0.6666667, 0.5, 0.0, 0.33333334, 0.5]","[0.0, 0.0, 0.0, 0.5, 0.5, 0.5, 0.5, 0.5]"
14,5,ibmq_kolkata,AerSimulator,"[0.0, 0.0, 0.0, 0.5185185, 0.5185185, 0.5555556, 0.4814815, 0.4814815]","[0.0, 0.0, 0.0, 0.5, 0.5, 0.5, 0.5, 0.5]"
15,5,ibmq_kolkata,AerSimulator,"[0.0, 0.0, 0.0, 0.56, 0.48, 0.48, 0.44, 0.6]","[0.0, 0.0, 0.0, 0.5, 0.5, 0.5, 0.5, 0.5]"
16,5,ibmq_kolkata,AerSimulator,"[0.0, 0.0, 0.0, 0.5, 0.46666667, 0.46666667, 0.5, 0.5]","[0.0, 0.0, 0.0, 0.5, 0.5, 0.5, 0.5, 0.5]"
17,5,ibmq_kolkata,AerSimulator,"[0.0, 0.0, 0.0, 0.48387095, 0.516129, 0.48387095, 0.516129, 0.48387095]","[0.0, 0.0, 0.0, 0.5, 0.5, 0.5, 0.5, 0.5]"
18,5,ibmq_kolkata,AerSimulator,"[0.0, 0.0, 0.0, 0.5, 0.5, 0.5, 0.5, 0.5]","[0.0, 0.0, 0.0, 0.5, 0.5, 0.5, 0.5, 0.5]"
19,5,ibmq_kolkata,AerSimulator,"[0.0, 0.0, 0.0, 1.0, 0.0, 0.5, 0.5, 0.5]","[0.0, 0.0, 0.0, 0.5, 0.5, 0.5, 0.5, 0.5]"
20,5,ibmq_kolkata,AerSimulator,"[0.0, 0.0, 0.0, 0.5, 0.5, 0.5, 0.5, 0.5]","[0.0, 0.0, 0.0, 0.5, 0.5, 0.5, 0.5, 0.5]"
21,5,ibmq_kolkata,AerSimulator,"[0.0, 0.0, 0.0, 0.48387095, 0.48387095, 0.516129, 0.48387095, 0.48387095]","[0.0, 0.0, 0.0, 0.5, 0.5, 0.5, 0.5, 0.5]"
22,5,ibmq_kolkata,AerSimulator,"[0.0, 0.0, 0.0, 0.48387095, 0.516129, 0.516129, 0.48387095, 0.48387095]","[0.0, 0.0, 0.0, 0.5, 0.5, 0.5, 0.5, 0.5]"
23,5,ibmq_kolkata,AerSimulator,"[0.0, 0.0, 0.0, 0.5, 0.5, 0.5, 0.5, 0.5]","[0.0, 0.0, 0.0, 0.5, 0.5, 0.5, 0.5, 0.5]"
24,5,ibmq_kolkata,AerSimulator,"[0.0, 0.0, 0.0, 0.5, 0.5, 0.5, 0.5, 0.5]","[0.0, 0.0, 0.0, 0.5, 0.5, 0.5, 0.5, 0.5]"
0,6,ibmq_kolkata,AerSimulator,"[0.0, 0.0, 0.0, 0.516129, 0.48387095, 0.516129, 0.48387095, 0.48387095]","[0.0, 0.0, 0.5, 0.5, 0.5, 0.5, 0.5, 0.5]"
1,6,ibmq_kolkata,AerSimulator,"[0.0, 0.0, 0.5, 0.0, 0.5, 0.0, 0.0, 0.0]","[0.0, 0.0, 0.55, 0.15, 0.55, 0.25, 0.25, 0.25]"
2,6,ibmq_kolkata,AerSimulator,"[0.0, 0.0, 0.33333334, 0.25, 0.625, 0.5, 0.20833333, 0.7083333]","[0.0, 0.0, 0.5, 0.5, 0.5, 0.5, 0.5, 0.5]"
3,6,ibmq_kolkata,AerSimulator,"[0.0, 0.0, 0.0, 0.0, 0.5, 0.5, 0.0, 0.5]","[0.0, 0.0, 0.46666667, 0.31111112, 0.53333336, 0.53333336, 0.4, 0.5555556]"
4,6,ibmq_kolkata,AerSimulator,"[0.0, 0.0, 0.509434, 0.4716981, 0.4716981, 0.5660377, 0.49056605, 0.5283019]","[0.0, 0.0, 0.5, 0.5, 0.5, 0.5, 0.5, 0.5]"
5,6,ibmq_kolkata,AerSimulator,"[0.0, 0.0, 0.4918033, 0.4918033, 0.5081967, 0.47540984, 0.47540984, 0.4918033]","[0.0, 0.0, 0.5, 0.5, 0.5, 0.5, 0.5, 0.5]"
6,6,ibmq_kolkata,AerSimulator,"[0.0, 0.0, 0.0, 0.5714286, 0.4642857, 0.5, 0.5, 0.4642857]","[0.0, 0.0, 0.5, 0.5, 0.5, 0.5, 0.5, 0.5]"
7,6,ibmq_kolkata,AerSimulator,"[0.0, 0.0, 0.5, 0.48214287, 0.48214287, 0.51785713, 0.44642857, 0.5]","[0.0, 0.0, 0.5, 0.5, 0.5, 0.5, 0.5, 0.5]"
8,6,ibmq_kolkata,AerSimulator,"[0.0, 0.0, 0.5, 0.51724136, 0.4827586, 0.51724136, 0.5, 0.4827586]","[0.0, 0.0, 0.5, 0.5, 0.5, 0.5, 0.5, 0.5]"
9,6,ibmq_kolkata,AerSimulator,"[0.0, 0.0, 0.4918033, 0.5081967, 0.5081967, 0.47540984, 0.4918033, 0.4918033]","[0.0, 0.0, 0.5, 0.5, 0.5, 0.5, 0.5, 0.5]"
10,6,ibmq_kolkata,AerSimulator,"[0.0, 0.0, 0.46666667, 0.48333332, 0.46666667, 0.48333332, 0.53333336, 0.5]","[0.0, 0.0, 0.5, 0.5, 0.5, 0.5, 0.5, 0.5]"
11,6,ibmq_kolkata,AerSimulator,"[0.0, 0.0, 0.4918033, 0.4918033, 0.4918033, 0.4918033, 0.4918033, 0.4918033]","[0.0, 0.0, 0.5, 0.5, 0.5, 0.5, 0.5, 0.5]"
12,6,ibmq_kolkata,AerSimulator,"[0.0, 0.0, 0.5, 0.516129, 0.516129, 0.5, 0.5, 0.5]","[0.0, 0.0, 0.5, 0.5, 0.5, 0.5, 0.5, 0.5]"
13,6,ibmq_kolkata,AerSimulator,"[0.0, 0.0, 0.5, 0.5, 0.5, 0.5, 0.5, 0.48387095]","[0.0, 0.0, 0.5, 0.5, 0.5, 0.5, 0.5, 0.5]"
14,6,ibmq_kolkata,AerSimulator,"[0.0, 0.0, 0.4915254, 0.47457626, 0.5254237, 0.5254237, 0.47457626, 0.5084746]","[0.0, 0.0, 0.5, 0.5, 0.5, 0.5, 0.5, 0.5]"
15,6,ibmq_kolkata,AerSimulator,"[0.0, 0.0, 0.5084746, 0.5084746, 0.5084746, 0.5084746, 0.5084746, 0.4915254]","[0.0, 0.0, 0.5, 0.5, 0.5, 0.5, 0.5, 0.5]"
16,6,ibmq_kolkata,AerSimulator,"[0.0, 0.0, 0.5, 0.516129, 0.516129, 0.5, 0.5, 0.516129]","[0.0, 0.0, 0.5, 0.5, 0.5, 0.5, 0.5, 0.5]"
17,6,ibmq_kolkata,AerSimulator,"[0.0, 0.0, 0.4920635, 0.50793654, 0.4920635, 0.4920635, 0.50793654, 0.4920635]","[0.0, 0.0, 0.5, 0.5, 0.5, 0.5, 0.5, 0.5]"
18,6,ibmq_kolkata,AerSimulator,"[0.0, 0.0, 0.48214287, 0.53571427, 0.5, 0.48214287, 0.5, 0.48214287]","[0.0, 0.0, 0.5, 0.5, 0.5, 0.5, 0.5, 0.5]"
19,6,ibmq_kolkata,AerSimulator,"[0.0, 0.0, 0.0, 0.0, 0.0, 0.0, 0.0, 0.0]","[0.0, 0.0, 0.33333334, 0.26666668, 0.33333334, 0.93333334, 0.26666668, 0.2]"
20,6,ibmq_kolkata,AerSimulator,"[0.0, 0.0, 0.4918033, 0.5081967, 0.5081967, 0.4918033, 0.4918033, 0.5081967]","[0.0, 0.0, 0.5, 0.5, 0.5, 0.5, 0.5, 0.5]"
21,6,ibmq_kolkata,AerSimulator,"[0.0, 0.0, 0.5625, 0.5208333, 0.45833334, 0.5208333, 0.5208333, 0.5208333]","[0.0, 0.0, 0.5, 0.5, 0.5, 0.5, 0.5, 0.5]"
22,6,ibmq_kolkata,AerSimulator,"[0.0, 0.0, 0.5, 0.5, 0.5, 0.0, 0.5, 0.5]","[0.0, 0.0, 0.5, 0.5277778, 0.5, 0.8888889, 0.4722222, 0.5277778]"
23,6,ibmq_kolkata,AerSimulator,"[0.0, 0.0, 0.5, 0.516129, 0.516129, 0.5, 0.5, 0.5]","[0.0, 0.0, 0.5, 0.5, 0.5, 0.5, 0.5, 0.5]"
24,6,ibmq_kolkata,AerSimulator,"[0.0, 0.0, 0.5, 0.48333332, 0.51666665, 0.5, 0.51666665, 0.5]","[0.0, 0.0, 0.5, 0.5, 0.5, 0.5, 0.5, 0.5]"
0,7,ibmq_kolkata,AerSimulator,"[0.0, 0.4678899, 0.48623854, 0.51376146, 0.49541286, 0.5412844, 0.5045872, 0.5045872]","[0.0, 0.5, 0.5, 0.5, 0.5, 0.5, 0.5, 0.5]"
1,7,ibmq_kolkata,AerSimulator,"[0.0, 0.4909091, 0.5090909, 0.4909091, 0.5272727, 0.5, 0.5090909, 0.5]","[0.0, 0.5, 0.5, 0.5, 0.5, 0.5, 0.5, 0.5]"
2,7,ibmq_kolkata,AerSimulator,"[0.0, 0.51304346, 0.51304346, 0.5304348, 0.5217391, 0.5043478, 0.51304346, 0.4869565]","[0.0, 0.5125, 0.5125, 0.8, 0.5, 0.4625, 0.475, 0.525]"
3,7,ibmq_kolkata,AerSimulator,"[0.0, 0.48672566, 0.50442475, 0.5132743, 0.5132743, 0.50442475, 0.49557522, 0.50442475]","[0.0, 0.5, 0.5, 0.5, 0.5, 0.5, 0.5, 0.5]"
4,7,ibmq_kolkata,AerSimulator,"[0.0, 0.4954955, 0.5225225, 0.4774775, 0.4864865, 0.46846846, 0.5225225, 0.5045045]","[0.0, 0.5, 0.5, 0.5, 0.5, 0.5, 0.5, 0.5]"
5,7,ibmq_kolkata,AerSimulator,"[0.0, 0.47457626, 0.4915254, 0.5169492, 0.5169492, 0.4915254, 0.5084746, 0.5169492]","[0.0, 0.5, 0.5, 0.5, 0.5, 0.5, 0.5, 0.5]"
6,7,ibmq_kolkata,AerSimulator,"[0.0, 0.6210526, 0.4631579, 0.49473685, 0.5473684, 0.51578945, 0.44210526, 0.49473685]","[0.0, 0.5, 0.5, 0.5, 0.5, 0.5, 0.5, 0.5]"
7,7,ibmq_kolkata,AerSimulator,"[0.0, 0.48245615, 0.50877196, 0.5, 0.50877196, 0.5, 0.5, 0.5263158]","[0.0, 0.5, 0.5, 0.5, 0.5, 0.5, 0.5, 0.5]"
8,7,ibmq_kolkata,AerSimulator,"[0.0, 0.5188679, 0.5188679, 0.5283019, 0.5566038, 0.44339624, 0.4811321, 0.5283019]","[0.0, 0.5, 0.5, 0.5, 0.5, 0.5, 0.5, 0.5]"
9,7,ibmq_kolkata,AerSimulator,"[0.0, 0.5132743, 0.50442475, 0.539823, 0.50442475, 0.4778761, 0.49557522, 0.5132743]","[0.0, 0.5, 0.5, 0.5, 0.5, 0.5, 0.5, 0.5]"
10,7,ibmq_kolkata,AerSimulator,"[0.0, 0.51304346, 0.5304348, 0.47826087, 0.5217391, 0.5217391, 0.4869565, 0.49565217]","[0.0, 0.5, 0.5, 0.5, 0.5, 0.5, 0.5, 0.5]"
11,7,ibmq_kolkata,AerSimulator,"[0.0, 0.5126051, 0.5294118, 0.49579832, 0.48739496, 0.5126051, 0.49579832, 0.4789916]","[0.0, 0.5, 0.5, 0.5, 0.5, 0.5, 0.5, 0.5]"
12,7,ibmq_kolkata,AerSimulator,"[0.0, 0.45945945, 0.45945945, 0.4864865, 0.5045045, 0.5225225, 0.4774775, 0.5225225]","[0.0, 0.5, 0.5, 0.5, 0.5, 0.5, 0.5, 0.5]"
13,7,ibmq_kolkata,AerSimulator,"[0.0, 0.5420561, 0.48598132, 0.48598132, 0.5046729, 0.45794392, 0.48598132, 0.49532712]","[0.0, 0.5, 0.5, 0.5, 0.5, 0.5, 0.5, 0.5]"
14,7,ibmq_kolkata,AerSimulator,"[0.0, 0.0, 0.0, 0.0, 0.5, 0.0, 0.5, 0.0]","[0.0, 0.5, 0.5, 0.5, 0.5, 0.5, 0.5, 0.5]"
15,7,ibmq_kolkata,AerSimulator,"[0.0, 0.44761905, 0.50476193, 0.50476193, 0.51428574, 0.4952381, 0.5619048, 0.50476193]","[0.0, 0.5, 0.5, 0.5, 0.5, 0.5, 0.5, 0.5]"
16,7,ibmq_kolkata,AerSimulator,"[0.0, 0.5833333, 0.47916666, 0.5208333, 0.5, 0.47916666, 0.5, 0.41666666]","[0.0, 0.5, 0.5, 0.5, 0.5, 0.5, 0.5, 0.5]"
17,7,ibmq_kolkata,AerSimulator,"[0.0, 0.5135135, 0.4774775, 0.5135135, 0.4864865, 0.5225225, 0.4774775, 0.4954955]","[0.0, 0.5, 0.5, 0.5, 0.5, 0.5, 0.5, 0.5]"
18,7,ibmq_kolkata,AerSimulator,"[0.0, 0.46218488, 0.5042017, 0.5126051, 0.52100843, 0.49579832, 0.49579832, 0.5042017]","[0.0, 0.5, 0.5, 0.5, 0.5, 0.5, 0.5, 0.5]"
19,7,ibmq_kolkata,AerSimulator,"[0.0, 0.50427353, 0.4957265, 0.50427353, 0.4957265, 0.4957265, 0.52991456, 0.4957265]","[0.0, 0.5, 0.5, 0.5, 0.5, 0.5, 0.5, 0.5]"
20,7,ibmq_kolkata,AerSimulator,"[0.0, 0.5126051, 0.5042017, 0.5042017, 0.5042017, 0.49579832, 0.5126051, 0.49579832]","[0.0, 0.5, 0.5, 0.5, 0.5, 0.5, 0.5, 0.5]"
21,7,ibmq_kolkata,AerSimulator,"[0.0, 0.5043478, 0.49565217, 0.4869565, 0.5043478, 0.4869565, 0.51304346, 0.5043478]","[0.0, 0.5, 0.5, 0.5, 0.5, 0.5, 0.5, 0.5]"
22,7,ibmq_kolkata,AerSimulator,"[0.0, 0.5132743, 0.49557522, 0.49557522, 0.5221239, 0.5221239, 0.5132743, 0.49557522]","[0.0, 0.5, 0.5, 0.5, 0.5, 0.5, 0.5, 0.5]"
23,7,ibmq_kolkata,AerSimulator,"[0.0, 0.51724136, 0.47413793, 0.5086207, 0.49137932, 0.4827586, 0.49137932, 0.5086207]","[0.0, 0.5, 0.5, 0.5, 0.5, 0.5, 0.5, 0.5]"
24,7,ibmq_kolkata,AerSimulator,"[0.0, 0.0, 0.0, 0.0, 0.0, 0.0, 0.0, 0.0]","[0.0, 0.23529412, 0.4117647, 0.29411766, 0.29411766, 0.9411765, 0.11764706, 0.11764706]"
0,8,ibmq_kolkata,AerSimulator,"[0.0, 0.30379745, 0.30379745, 0.51898736, 0.46835443, 0.5822785, 0.5063291, 0.443038]","[0.5, 0.5, 0.5, 0.5, 0.5, 0.5, 0.5, 0.5]"
1,8,ibmq_kolkata,AerSimulator,"[0.4921875, 0.1484375, 0.4921875, 0.5078125, 0.4921875, 0.5234375, 0.6171875, 0.59375]","[0.5, 0.47540984, 0.5081967, 0.49590164, 0.50409836, 0.5081967, 0.51229507, 0.5204918]"
2,8,ibmq_kolkata,AerSimulator,"[0.5051546, 0.48453608, 0.5051546, 0.5, 0.52061856, 0.53608245, 0.5, 0.5]","[0.5, 0.5, 0.5, 0.5, 0.5, 0.5, 0.5, 0.5]"
3,8,ibmq_kolkata,AerSimulator,"[0.49268293, 0.502439, 0.46829268, 0.48292682, 0.51707315, 0.502439, 0.5219512, 0.47804877]","[0.5, 0.5, 0.5, 0.5, 0.5, 0.5, 0.5, 0.5]"
4,8,ibmq_kolkata,AerSimulator,"[0.5294118, 0.50980395, 0.50980395, 0.29411766, 0.5294118, 0.49673203, 0.503268, 0.52287585]","[0.47826087, 0.5, 0.5, 0.49275362, 0.51449275, 0.5072464, 0.92753625, 0.5217391]"
5,8,ibmq_kolkata,AerSimulator,"[0.5208333, 0.5104167, 0.44791666, 0.5364583, 0.48958334, 0.46875, 0.5, 0.48958334]","[0.5, 0.5, 0.5, 0.5, 0.5, 0.5, 0.5, 0.5]"
6,8,ibmq_kolkata,AerSimulator,"[0.5123153, 0.49261084, 0.4679803, 0.51724136, 0.5123153, 0.5270936, 0.51724136, 0.49753696]","[0.5, 0.5, 0.5, 0.5, 0.5, 0.5, 0.5, 0.5]"
7,8,ibmq_kolkata,AerSimulator,"[0.495, 0.52, 0.495, 0.475, 0.515, 0.5, 0.54, 0.47]","[0.50714284, 0.9142857, 0.49285713, 0.50714284, 0.50714284, 0.5214286, 0.4857143, 0.51428574]"
8,8,ibmq_kolkata,AerSimulator,"[0.46192893, 0.5025381, 0.49746192, 0.48730963, 0.4822335, 0.52284265, 0.49746192, 0.4822335]","[0.5, 0.5, 0.5, 0.5, 0.5, 0.5, 0.5, 0.5]"
9,8,ibmq_kolkata,AerSimulator,"[0.49545455, 0.5181818, 0.51363635, 0.4909091, 0.49545455, 0.50454545, 0.48636365, 0.5181818]","[0.5, 0.5, 0.5, 0.5, 0.5, 0.5, 0.5, 0.5]"
10,8,ibmq_kolkata,AerSimulator,"[0.52284265, 0.4822335, 0.49746192, 0.4822335, 0.4720812, 0.52791876, 0.5025381, 0.5076142]","[0.5, 0.5, 0.5, 0.5, 0.5, 0.5, 0.5, 0.5]"
11,8,ibmq_kolkata,AerSimulator,"[0.50980395, 0.50490195, 0.51960784, 0.5147059, 0.48039216, 0.49509802, 0.48039216, 0.50490195]","[0.5, 0.5, 0.5, 0.5, 0.5, 0.5, 0.5, 0.5]"
12,8,ibmq_kolkata,AerSimulator,"[0.51336896, 0.56149733, 0.51336896, 0.5026738, 0.5187166, 0.4973262, 0.53475934, 0.5294118]","[0.5, 0.5, 0.5, 0.5, 0.5, 0.5, 0.5, 0.5]"
13,8,ibmq_kolkata,AerSimulator,"[0.5121951, 0.50731707, 0.49756098, 0.50731707, 0.53170735, 0.5121951, 0.4878049, 0.502439]","[0.5, 0.5, 0.5, 0.5, 0.5, 0.5, 0.5, 0.5]"
14,8,ibmq_kolkata,AerSimulator,"[0.49268293, 0.53170735, 0.49268293, 0.502439, 0.49756098, 0.46829268, 0.5219512, 0.49268293]","[0.5, 0.5, 0.5, 0.5, 0.5, 0.5, 0.5, 0.5]"
15,8,ibmq_kolkata,AerSimulator,"[0.502439, 0.52682924, 0.49756098, 0.502439, 0.4878049, 0.4878049, 0.47317073, 0.51707315]","[0.5, 0.5, 0.5, 0.5, 0.5, 0.5, 0.5, 0.5]"
16,8,ibmq_kolkata,AerSimulator,"[0.495283, 0.5330189, 0.5188679, 0.509434, 0.509434, 0.504717, 0.495283, 0.5]","[0.5, 0.5, 0.5, 0.5, 0.5, 0.5, 0.5, 0.5]"
17,8,ibmq_kolkata,AerSimulator,"[0.49532712, 0.49532712, 0.5, 0.49532712, 0.5046729, 0.5046729, 0.47196263, 0.48598132]","[0.5019608, 0.5019608, 0.5019608, 0.5019608, 0.5019608, 0.5019608, 0.49803922, 0.5019608]"
18,8,ibmq_kolkata,AerSimulator,"[0.49748743, 0.51758796, 0.50753766, 0.50753766, 0.5276382, 0.4723618, 0.4874372, 0.5276382]","[0.5, 0.5, 0.5, 0.5, 0.5, 0.5, 0.5, 0.5]"
19,8,ibmq_kolkata,AerSimulator,"[0.4811321, 0.49056605, 0.5188679, 0.49056605, 0.5141509, 0.5, 0.49056605, 0.5]","[0.5, 0.5, 0.5, 0.5, 0.5, 0.5, 0.5, 0.5]"
20,8,ibmq_kolkata,AerSimulator,"[0.48341233, 0.49763033, 0.50236964, 0.51184833, 0.49763033, 0.47867298, 0.49763033, 0.49763033]","[0.5, 0.5, 0.5, 0.5, 0.5, 0.5, 0.5, 0.5]"
21,8,ibmq_kolkata,AerSimulator,"[0.5, 0.5, 0.5, 0.505, 0.505, 0.51, 0.515, 0.51]","[0.5, 0.5, 0.5, 0.5, 0.5, 0.5, 0.5, 0.5]"
22,8,ibmq_kolkata,AerSimulator,"[0.490099, 0.5049505, 0.5, 0.519802, 0.5445545, 0.509901, 0.509901, 0.5049505]","[0.5, 0.5, 0.5, 0.5, 0.5, 0.5, 0.5, 0.5]"
23,8,ibmq_kolkata,AerSimulator,"[0.4950495, 0.46039605, 0.509901, 0.52970296, 0.5, 0.490099, 0.519802, 0.5049505]","[0.5, 0.5, 0.5, 0.5, 0.5, 0.5, 0.5, 0.5]"
24,8,ibmq_kolkata,AerSimulator,"[0.48258707, 0.49751243, 0.50248754, 0.48756218, 0.52238804, 0.5074627, 0.47761193, 0.47263682]","[0.5, 0.5, 0.5, 0.5, 0.5, 0.5, 0.5, 0.5]"
0,4,ibmq_kolkata,AerSimulator,"[0.0, 0.0, 0.0, 0.0, 0.5, 0.5, 0.5, 0.5]","[0.0, 0.0, 0.0, 0.0, 0.5, 0.5, 0.5, 0.5]"
1,4,ibmq_kolkata,AerSimulator,"[0.0, 0.0, 0.0, 0.0, 0.2, 0.5, 0.4, 0.5]","[0.0, 0.0, 0.0, 0.0, 0.5, 0.5, 0.5, 0.5]"
2,4,ibmq_kolkata,AerSimulator,"[0.0, 0.0, 0.0, 0.0, 0.46666667, 0.53333336, 0.53333336, 0.46666667]","[0.0, 0.0, 0.0, 0.0, 0.5, 0.5, 0.5, 0.5]"
3,4,ibmq_kolkata,AerSimulator,"[0.0, 0.0, 0.0, 0.0, 0.5, 0.5, 0.5, 0.5]","[0.0, 0.0, 0.0, 0.0, 0.5, 0.5, 0.5, 0.5]"
4,4,ibmq_kolkata,AerSimulator,"[0.0, 0.0, 0.0, 0.0, 0.5, 0.6666667, 0.0, 0.33333334]","[0.0, 0.0, 0.0, 0.0, 0.5, 0.5, 0.5, 0.5]"
5,4,ibmq_kolkata,AerSimulator,"[0.0, 0.0, 0.0, 0.0, 0.75, 0.375, 0.25, 0.375]","[0.0, 0.0, 0.0, 0.0, 0.5, 0.5, 0.5, 0.5]"
6,4,ibmq_kolkata,AerSimulator,"[0.0, 0.0, 0.0, 0.0, 0.5, 0.5, 0.5, 0.5]","[0.0, 0.0, 0.0, 0.0, 0.5, 0.5, 0.5, 0.5]"
7,4,ibmq_kolkata,AerSimulator,"[0.0, 0.0, 0.0, 0.0, 0.5, 0.5, 0.5, 0.5]","[0.0, 0.0, 0.0, 0.0, 0.5, 0.5, 0.5, 0.5]"
8,4,ibmq_kolkata,AerSimulator,"[0.0, 0.0, 0.0, 0.0, 0.5, 0.5, 0.5, 0.5]","[0.0, 0.0, 0.0, 0.0, 0.8, 0.5, 0.6, 0.5]"
9,4,ibmq_kolkata,AerSimulator,"[0.0, 0.0, 0.0, 0.0, 0.5, 0.5, 0.5, 0.5]","[0.0, 0.0, 0.0, 0.0, 0.5, 0.5, 0.5, 0.5]"
10,4,ibmq_kolkata,AerSimulator,"[0.0, 0.0, 0.0, 0.0, 0.46666667, 0.53333336, 0.46666667, 0.53333336]","[0.0, 0.0, 0.0, 0.0, 0.5, 0.5, 0.5, 0.5]"
11,4,ibmq_kolkata,AerSimulator,"[0.0, 0.0, 0.0, 0.0, 0.5, 0.5, 0.5, 0.5]","[0.0, 0.0, 0.0, 0.0, 0.5, 0.5, 0.5, 0.5]"
12,4,ibmq_kolkata,AerSimulator,"[0.0, 0.0, 0.0, 0.0, 0.33333334, 0.33333334, 0.5, 0.33333334]","[0.0, 0.0, 0.0, 0.0, 0.5, 0.5, 0.5, 0.5]"
13,4,ibmq_kolkata,AerSimulator,"[0.0, 0.0, 0.0, 0.0, 0.5, 0.5, 0.5, 0.5]","[0.0, 0.0, 0.0, 0.0, 0.5, 0.5, 0.5, 0.5]"
14,4,ibmq_kolkata,AerSimulator,"[0.0, 0.0, 0.0, 0.0, 0.5, 0.5, 0.5, 0.5]","[0.0, 0.0, 0.0, 0.0, 0.5, 0.5, 0.5, 0.5]"
15,4,ibmq_kolkata,AerSimulator,"[0.0, 0.0, 0.0, 0.0, 0.5, 0.5, 0.75, 0.25]","[0.0, 0.0, 0.0, 0.0, 0.5, 0.5, 0.5, 0.5]"
16,4,ibmq_kolkata,AerSimulator,"[0.0, 0.0, 0.0, 0.0, 0.5, 0.5, 0.5, 0.5]","[0.0, 0.0, 0.0, 0.0, 0.5, 0.5, 0.5, 0.5]"
17,4,ibmq_kolkata,AerSimulator,"[0.0, 0.0, 0.0, 0.0, 0.5, 0.5, 0.5, 0.5]","[0.0, 0.0, 0.0, 0.0, 0.53846157, 0.61538464, 0.53846157, 0.53846157]"
18,4,ibmq_kolkata,AerSimulator,"[0.0, 0.0, 0.0, 0.0, 0.5, 0.5, 0.5, 0.5]","[0.0, 0.0, 0.0, 0.0, 0.5, 0.5, 0.5, 0.5]"
19,4,ibmq_kolkata,AerSimulator,"[0.0, 0.0, 0.0, 0.0, 0.5, 0.5, 0.5, 0.5]","[0.0, 0.0, 0.0, 0.0, 0.5, 0.5, 0.5, 0.5]"
20,4,ibmq_kolkata,AerSimulator,"[0.0, 0.0, 0.0, 0.0, 0.53333336, 0.53333336, 0.53333336, 0.46666667]","[0.0, 0.0, 0.0, 0.0, 0.54545456, 0.6363636, 0.45454547, 0.72727275]"
21,4,ibmq_kolkata,AerSimulator,"[0.0, 0.0, 0.0, 0.0, 0.5, 0.5, 0.5, 0.5]","[0.0, 0.0, 0.0, 0.0, 0.5, 0.5, 0.5, 0.5]"
22,4,ibmq_kolkata,AerSimulator,"[0.0, 0.0, 0.0, 0.0, 0.46666667, 0.46666667, 0.53333336, 0.46666667]","[0.0, 0.0, 0.0, 0.0, 0.5, 0.5, 0.5, 0.5]"
23,4,ibmq_kolkata,AerSimulator,"[0.0, 0.0, 0.0, 0.0, 1.0, 0.5, 0.5, 0.0]","[0.0, 0.0, 0.0, 0.0, 0.5714286, 0.5, 0.5, 0.42857143]"
24,4,ibmq_kolkata,AerSimulator,"[0.0, 0.0, 0.0, 0.0, 0.5, 0.5, 0.5, 0.5]","[0.0, 0.0, 0.0, 0.0, 0.5, 0.5, 0.5, 0.5]"
0,5,ibmq_kolkata,AerSimulator,"[0.0, 0.0, 0.0, 0.516129, 0.48387095, 0.516129, 0.516129, 0.48387095]","[0.0, 0.0, 0.0, 0.5, 0.5, 0.5, 0.5, 0.5]"
1,5,ibmq_kolkata,AerSimulator,"[0.0, 0.0, 0.0, 0.48387095, 0.516129, 0.48387095, 0.48387095, 0.48387095]","[0.0, 0.0, 0.0, 0.5, 0.5, 0.5, 0.5, 0.5]"
2,5,ibmq_kolkata,AerSimulator,"[0.0, 0.0, 0.0, 0.53333336, 0.5, 0.5, 0.53333336, 0.53333336]","[0.0, 0.0, 0.0, 0.5, 0.5, 0.5, 0.5, 0.5]"
3,5,ibmq_kolkata,AerSimulator,"[0.0, 0.0, 0.0, 0.5, 0.53333336, 0.5, 0.46666667, 0.5]","[0.0, 0.0, 0.0, 0.5, 0.5, 0.5, 0.5, 0.5]"
4,5,ibmq_kolkata,AerSimulator,"[0.0, 0.0, 0.0, 0.5, 0.5, 0.53333336, 0.5, 0.53333336]","[0.0, 0.0, 0.0, 0.5, 0.5, 0.5, 0.5, 0.5]"
5,5,ibmq_kolkata,AerSimulator,"[0.0, 0.0, 0.0, 0.53571427, 0.5714286, 0.4642857, 0.4642857, 0.4642857]","[0.0, 0.0, 0.0, 0.5, 0.5, 0.5, 0.5, 0.5]"
6,5,ibmq_kolkata,AerSimulator,"[0.0, 0.0, 0.0, 0.5, 0.5, 0.5, 0.5, 0.5]","[0.0, 0.0, 0.0, 0.5, 0.5, 0.5, 0.5, 0.5]"
7,5,ibmq_kolkata,AerSimulator,"[0.0, 0.0, 0.0, 0.5, 0.5, 0.5, 0.5, 0.5]","[0.0, 0.0, 0.0, 0.5, 0.5, 0.5, 0.5, 0.5]"
8,5,ibmq_kolkata,AerSimulator,"[0.0, 0.0, 0.0, 0.46666667, 0.53333336, 0.5, 0.5, 0.5]","[0.0, 0.0, 0.0, 0.5, 0.5, 0.5, 0.5, 0.5]"
9,5,ibmq_kolkata,AerSimulator,"[0.0, 0.0, 0.0, 0.516129, 0.48387095, 0.516129, 0.516129, 0.516129]","[0.0, 0.0, 0.0, 0.5, 0.5, 0.5, 0.5, 0.5]"
10,5,ibmq_kolkata,AerSimulator,"[0.0, 0.0, 0.0, 0.5, 0.5, 0.5, 0.5, 0.5]","[0.0, 0.0, 0.0, 0.61538464, 0.5, 0.53846157, 0.53846157, 0.5]"
11,5,ibmq_kolkata,AerSimulator,"[0.0, 0.0, 0.0, 0.5, 0.5, 0.46666667, 0.5, 0.46666667]","[0.0, 0.0, 0.0, 0.5, 0.5, 0.5, 0.5, 0.5]"
12,5,ibmq_kolkata,AerSimulator,"[0.0, 0.0, 0.0, 0.53846157, 0.3846154, 0.61538464, 0.0, 0.46153846]","[0.0, 0.0, 0.0, 0.5, 0.5, 0.5, 0.5, 0.5]"
13,5,ibmq_kolkata,AerSimulator,"[0.0, 0.0, 0.0, 0.516129, 0.516129, 0.516129, 0.516129, 0.48387095]","[0.0, 0.0, 0.0, 0.5, 0.5, 0.5, 0.5, 0.5]"
14,5,ibmq_kolkata,AerSimulator,"[0.0, 0.0, 0.0, 0.5, 0.5, 0.5, 0.5, 0.5]","[0.0, 0.0, 0.0, 0.5, 0.5, 0.5, 0.5, 0.5]"
15,5,ibmq_kolkata,AerSimulator,"[0.0, 0.0, 0.0, 0.516129, 0.516129, 0.48387095, 0.516129, 0.48387095]","[0.0, 0.0, 0.0, 0.5, 0.5, 0.5, 0.5, 0.5]"
16,5,ibmq_kolkata,AerSimulator,"[0.0, 0.0, 0.0, 0.5, 0.53333336, 0.46666667, 0.53333336, 0.5]","[0.0, 0.0, 0.0, 0.5, 0.5, 0.5, 0.5, 0.5]"
17,5,ibmq_kolkata,AerSimulator,"[0.0, 0.0, 0.0, 0.53333336, 0.53333336, 0.5, 0.5, 0.53333336]","[0.0, 0.0, 0.0, 0.5, 0.5, 0.5, 0.5, 0.5]"
18,5,ibmq_kolkata,AerSimulator,"[0.0, 0.0, 0.0, 0.5, 0.5, 0.5, 0.5, 0.5]","[0.0, 0.0, 0.0, 0.5, 0.5, 0.5, 0.5, 0.5]"
19,5,ibmq_kolkata,AerSimulator,"[0.0, 0.0, 0.0, 0.53333336, 0.53333336, 0.0, 0.53333336, 0.53333336]","[0.0, 0.0, 0.0, 0.5, 0.5, 0.5, 0.5, 0.5]"
20,5,ibmq_kolkata,AerSimulator,"[0.0, 0.0, 0.0, 0.4827586, 0.44827586, 0.51724136, 0.4827586, 0.4827586]","[0.0, 0.0, 0.0, 0.5, 0.5, 0.5, 0.5, 0.5]"
21,5,ibmq_kolkata,AerSimulator,"[0.0, 0.0, 0.0, 0.5, 0.5, 0.5, 0.5, 0.5]","[0.0, 0.0, 0.0, 0.5, 0.5, 0.5, 0.5, 0.5]"
22,5,ibmq_kolkata,AerSimulator,"[0.0, 0.0, 0.0, 0.48387095, 0.516129, 0.516129, 0.516129, 0.516129]","[0.0, 0.0, 0.0, 0.5, 0.5, 0.5, 0.5, 0.5]"
23,5,ibmq_kolkata,AerSimulator,"[0.0, 0.0, 0.0, 0.5, 0.5, 0.5, 0.5, 0.5]","[0.0, 0.0, 0.0, 0.5, 0.5, 0.5, 0.5, 0.5]"
24,5,ibmq_kolkata,AerSimulator,"[0.0, 0.0, 0.0, 0.0, 0.0, 0.0, 0.0, 0.0]","[0.0, 0.0, 0.0, 0.33333334, 0.33333334, 1.0, 0.16666667, 0.16666667]"
0,6,ibmq_kolkata,AerSimulator,"[0.0, 0.0, 0.0, 0.0, 0.0, 0.0, 0.0, 0.0]","[0.0, 0.0, 0.30769232, 0.3846154, 0.23076923, 0.9230769, 0.23076923, 0.15384616]"
1,6,ibmq_kolkata,AerSimulator,"[0.0, 0.0, 0.47540984, 0.5081967, 0.5081967, 0.5081967, 0.4918033, 0.52459013]","[0.0, 0.0, 0.5, 0.5, 0.5, 0.5, 0.5, 0.5]"
2,6,ibmq_kolkata,AerSimulator,"[0.0, 0.0, 0.48333332, 0.51666665, 0.48333332, 0.5, 0.48333332, 0.48333332]","[0.0, 0.0, 0.5, 0.5, 0.5, 0.5, 0.5, 0.5]"
3,6,ibmq_kolkata,AerSimulator,"[0.0, 0.0, 0.0, 0.0, 0.0, 0.0, 0.0, 0.0]","[0.0, 0.0, 0.26666668, 0.26666668, 0.4, 0.93333334, 0.33333334, 0.2]"
4,6,ibmq_kolkata,AerSimulator,"[0.0, 0.0, 0.7741935, 0.38709676, 0.4516129, 0.48387095, 0.48387095, 0.48387095]","[0.0, 0.0, 0.5, 0.5, 0.5, 0.5, 0.5, 0.5]"
5,6,ibmq_kolkata,AerSimulator,"[0.0, 0.0, 0.51666665, 0.46666667, 0.5, 0.46666667, 0.48333332, 0.53333336]","[0.0, 0.0, 0.5, 0.5, 0.5, 0.5, 0.5, 0.5]"
6,6,ibmq_kolkata,AerSimulator,"[0.0, 0.0, 0.4915254, 0.4915254, 0.4915254, 0.5084746, 0.4915254, 0.4915254]","[0.0, 0.0, 0.5, 0.5, 0.5, 0.5, 0.5, 0.5]"
7,6,ibmq_kolkata,AerSimulator,"[0.0, 0.0, 0.48387095, 0.5, 0.48387095, 0.516129, 0.5, 0.5]","[0.0, 0.0, 0.5, 0.5, 0.5, 0.5, 0.5, 0.5]"
8,6,ibmq_kolkata,AerSimulator,"[0.0, 0.0, 0.4920635, 0.4920635, 0.50793654, 0.4920635, 0.50793654, 0.50793654]","[0.0, 0.0, 0.5, 0.5, 0.5, 0.5, 0.5, 0.5]"
9,6,ibmq_kolkata,AerSimulator,"[0.0, 0.0, 0.46153846, 0.3846154, 1.0, 0.3846154, 0.53846157, 0.0]","[0.0, 0.0, 0.5, 0.5, 0.5, 0.5, 0.5, 0.5]"
10,6,ibmq_kolkata,AerSimulator,"[0.0, 0.0, 0.6666667, 0.41025642, 0.43589744, 0.53846157, 0.64102566, 0.64102566]","[0.0, 0.0, 0.5, 0.5, 0.5, 0.5, 0.5, 0.5]"
11,6,ibmq_kolkata,AerSimulator,"[0.0, 0.0, 0.5084746, 0.5254237, 0.5084746, 0.4915254, 0.5084746, 0.47457626]","[0.0, 0.0, 0.5, 0.5, 0.5, 0.5, 0.5, 0.5]"
12,6,ibmq_kolkata,AerSimulator,"[0.0, 0.0, 0.5081967, 0.5081967, 0.5081967, 0.5081967, 0.47540984, 0.4918033]","[0.0, 0.0, 0.5, 0.5, 0.5, 0.5, 0.5, 0.5]"
13,6,ibmq_kolkata,AerSimulator,"[0.0, 0.0, 0.48387095, 0.5, 0.5, 0.516129, 0.5, 0.5]","[0.0, 0.0, 0.5, 0.5, 0.5, 0.5, 0.5, 0.5]"
14,6,ibmq_kolkata,AerSimulator,"[0.0, 0.0, 0.4918033, 0.4918033, 0.5081967, 0.4918033, 0.4918033, 0.4918033]","[0.0, 0.0, 0.5, 0.5, 0.5, 0.5, 0.5, 0.5]"
15,6,ibmq_kolkata,AerSimulator,"[0.0, 0.0, 0.0, 0.5, 0.0, 0.5, 0.5, 0.0]","[0.0, 0.0, 0.8648649, 0.45945945, 0.5405405, 0.5405405, 0.5405405, 0.43243244]"
16,6,ibmq_kolkata,AerSimulator,"[0.0, 0.0, 0.5, 0.85, 0.45, 0.2, 0.45, 0.55]","[0.0, 0.0, 0.4915254, 0.5254237, 0.5254237, 0.45762712, 0.5084746, 0.4915254]"
17,6,ibmq_kolkata,AerSimulator,"[0.0, 0.0, 0.4920635, 0.50793654, 0.50793654, 0.50793654, 0.50793654, 0.50793654]","[0.0, 0.0, 0.5, 0.5, 0.5, 0.5, 0.5, 0.5]"
18,6,ibmq_kolkata,AerSimulator,"[0.0, 0.0, 0.47826087, 0.5, 0.47826087, 0.5217391, 0.3478261, 0.65217394]","[0.0, 0.0, 0.5, 0.5, 0.5, 0.5, 0.5, 0.5]"
19,6,ibmq_kolkata,AerSimulator,"[0.0, 0.0, 0.5084746, 0.5084746, 0.47457626, 0.5084746, 0.4915254, 0.5254237]","[0.0, 0.0, 0.5, 0.5, 0.5, 0.5, 0.5, 0.5]"
20,6,ibmq_kolkata,AerSimulator,"[0.0, 0.0, 0.4909091, 0.5090909, 0.5090909, 0.5090909, 0.4181818, 0.54545456]","[0.0, 0.0, 0.5, 0.5, 0.5, 0.5, 0.5, 0.5]"
21,6,ibmq_kolkata,AerSimulator,"[0.0, 0.0, 1.0, 0.5, 0.5, 0.5, 0.0, 0.5]","[0.0, 0.0, 0.5, 0.5, 0.5, 0.5, 0.5, 0.5]"
22,6,ibmq_kolkata,AerSimulator,"[0.0, 0.0, 0.4915254, 0.5254237, 0.4915254, 0.5254237, 0.5084746, 0.4915254]","[0.0, 0.0, 0.5, 0.5, 0.5, 0.5, 0.5, 0.5]"
23,6,ibmq_kolkata,AerSimulator,"[0.0, 0.0, 0.5084746, 0.5254237, 0.4915254, 0.5084746, 0.4915254, 0.5084746]","[0.0, 0.0, 0.47058824, 0.627451, 0.49019608, 0.49019608, 0.49019608, 0.49019608]"
24,6,ibmq_kolkata,AerSimulator,"[0.0, 0.0, 0.5084746, 0.5423729, 0.5084746, 0.5084746, 0.4915254, 0.5084746]","[0.0, 0.0, 0.5, 0.5, 0.5, 0.5, 0.5, 0.5]"
0,7,ibmq_kolkata,AerSimulator,"[0.0, 0.5229358, 0.5504587, 0.5045872, 0.48623854, 0.48623854, 0.51376146, 0.49541286]","[0.0, 0.5, 0.5, 0.5, 0.5, 0.5, 0.5, 0.5]"
1,7,ibmq_kolkata,AerSimulator,"[0.0, 0.5168539, 0.43820226, 0.30337077, 0.49438202, 0.505618, 0.49438202, 0.46067417]","[0.0, 0.5, 0.5, 0.5, 0.5, 0.5, 0.5, 0.5]"
2,7,ibmq_kolkata,AerSimulator,"[0.0, 0.4909091, 0.4909091, 0.47272727, 0.47272727, 0.53636366, 0.5, 0.47272727]","[0.0, 0.5, 0.5, 0.5, 0.5, 0.5, 0.5, 0.5]"
3,7,ibmq_kolkata,AerSimulator,"[0.0, 0.0, 0.5, 0.0, 1.0, 0.0, 0.0, 1.0]","[0.0, 0.460177, 0.5132743, 0.43362832, 0.5221239, 0.50442475, 0.48672566, 0.539823]"
4,7,ibmq_kolkata,AerSimulator,"[0.0, 0.5463917, 0.5051546, 0.4742268, 0.5051546, 0.4742268, 0.52577317, 0.5463917]","[0.0, 0.5, 0.5, 0.5, 0.5, 0.5, 0.5, 0.5]"
5,7,ibmq_kolkata,AerSimulator,"[0.0, 0.4869565, 0.47826087, 0.5043478, 0.4869565, 0.51304346, 0.4869565, 0.49565217]","[0.0, 0.5, 0.5, 0.5, 0.5, 0.5, 0.5, 0.5]"
6,7,ibmq_kolkata,AerSimulator,"[0.0, 0.48672566, 0.50442475, 0.5132743, 0.53097343, 0.48672566, 0.5132743, 0.5221239]","[0.0, 0.5, 0.5, 0.5, 0.5, 0.5, 0.5, 0.5]"
7,7,ibmq_kolkata,AerSimulator,"[0.0, 0.48672566, 0.50442475, 0.4778761, 0.5132743, 0.50442475, 0.5132743, 0.53097343]","[0.0, 0.5, 0.5, 0.5, 0.5, 0.5, 0.5, 0.5]"
8,7,ibmq_kolkata,AerSimulator,"[0.0, 0.53271025, 0.46728972, 0.48598132, 0.5046729, 0.55140185, 0.46728972, 0.5140187]","[0.0, 0.5, 0.5, 0.5, 0.5, 0.5, 0.5, 0.5]"
9,7,ibmq_kolkata,AerSimulator,"[0.0, 0.5339806, 0.47572815, 0.49514562, 0.5436893, 0.5145631, 0.5145631, 0.4854369]","[0.0, 0.5, 0.5, 0.5, 0.5, 0.5, 0.5, 0.5]"
10,7,ibmq_kolkata,AerSimulator,"[0.0, 0.5, 0.5181818, 0.5181818, 0.5090909, 0.5181818, 0.5090909, 0.5]","[0.0, 0.5, 0.5, 0.5, 0.5, 0.5, 0.5, 0.5]"
11,7,ibmq_kolkata,AerSimulator,"[0.0, 0.5086207, 0.5086207, 0.5258621, 0.51724136, 0.49137932, 0.5, 0.5086207]","[0.0, 0.5, 0.5, 0.5, 0.5, 0.5, 0.5, 0.5]"
12,7,ibmq_kolkata,AerSimulator,"[0.0, 0.5043478, 0.49565217, 0.5304348, 0.4869565, 0.4695652, 0.49565217, 0.49565217]","[0.0, 0.5, 0.5, 0.5, 0.5, 0.5, 0.5, 0.5]"
13,7,ibmq_kolkata,AerSimulator,"[0.0, 0.49137932, 0.5, 0.5086207, 0.5086207, 0.5, 0.51724136, 0.49137932]","[0.0, 0.5, 0.5, 0.5, 0.5, 0.5, 0.5, 0.5]"
14,7,ibmq_kolkata,AerSimulator,"[0.0, 0.5, 0.4716981, 0.5188679, 0.4716981, 0.46226415, 0.5, 0.49056605]","[0.0, 0.5, 0.5, 0.5, 0.5, 0.5, 0.5, 0.5]"
15,7,ibmq_kolkata,AerSimulator,"[0.0, 0.5092593, 0.5185185, 0.5277778, 0.5092593, 0.5092593, 0.5, 0.5092593]","[0.0, 0.5, 0.5, 0.5, 0.5, 0.5, 0.5, 0.5]"
16,7,ibmq_kolkata,AerSimulator,"[0.0, 0.4957265, 0.50427353, 0.4957265, 0.4957265, 0.52136755, 0.50427353, 0.4871795]","[0.0, 0.5, 0.5, 0.5, 0.5, 0.5, 0.5, 0.5]"
17,7,ibmq_kolkata,AerSimulator,"[0.0, 0.5, 0.51754385, 0.50877196, 0.48245615, 0.51754385, 0.49122807, 0.51754385]","[0.0, 0.5, 0.5, 0.5, 0.5, 0.5, 0.5, 0.5]"
18,7,ibmq_kolkata,AerSimulator,"[0.0, 0.4864865, 0.5405405, 0.4864865, 0.4954955, 0.4864865, 0.5135135, 0.5225225]","[0.0, 0.5, 0.5, 0.5, 0.5, 0.5, 0.5, 0.5]"
19,7,ibmq_kolkata,AerSimulator,"[0.0, 0.51304346, 0.49565217, 0.5043478, 0.5043478, 0.49565217, 0.5043478, 0.47826087]","[0.0, 0.5, 0.5, 0.5, 0.5, 0.5, 0.5, 0.5]"
20,7,ibmq_kolkata,AerSimulator,"[0.0, 0.5132743, 0.49557522, 0.53097343, 0.49557522, 0.46902654, 0.49557522, 0.5221239]","[0.0, 0.5, 0.5, 0.5, 0.5, 0.5, 0.5, 0.5]"
21,7,ibmq_kolkata,AerSimulator,"[0.0, 0.47368422, 0.51754385, 0.49122807, 0.50877196, 0.49122807, 0.50877196, 0.50877196]","[0.0, 0.5, 0.5, 0.5, 0.5, 0.5, 0.5, 0.5]"
22,7,ibmq_kolkata,AerSimulator,"[0.0, 0.5092593, 0.5, 0.49074075, 0.5277778, 0.49074075, 0.5, 0.5]","[0.0, 0.5, 0.5, 0.5, 0.5, 0.5, 0.5, 0.5]"
23,7,ibmq_kolkata,AerSimulator,"[0.0, 0.5, 0.5, 0.5, 0.5, 0.5, 0.0, 0.0]","[0.0, 0.5, 0.5, 0.5, 0.5, 0.5, 0.5, 0.5]"
24,7,ibmq_kolkata,AerSimulator,"[0.0, 0.5217391, 0.49565217, 0.4695652, 0.4869565, 0.4869565, 0.47826087, 0.47826087]","[0.0, 0.5, 0.5, 0.5, 0.5, 0.5, 0.5, 0.5]"
0,8,ibmq_kolkata,AerSimulator,"[0.5343915, 0.52380955, 0.5026455, 0.5185185, 0.53968257, 0.48677248, 0.4973545, 0.5343915]","[0.5, 0.5, 0.5, 0.5, 0.5, 0.5, 0.5, 0.5]"
1,8,ibmq_kolkata,AerSimulator,"[0.47738692, 0.4924623, 0.50753766, 0.4874372, 0.5125628, 0.5125628, 0.5125628, 0.5025126]","[0.5, 0.5, 0.5, 0.5, 0.5, 0.5, 0.5, 0.5]"
2,8,ibmq_kolkata,AerSimulator,"[0.3881579, 0.4868421, 0.5065789, 0.41447368, 0.5, 0.55263156, 0.6184211, 0.5197368]","[0.5, 0.5, 0.5, 0.5, 0.5, 0.5, 0.5, 0.5]"
3,8,ibmq_kolkata,AerSimulator,"[0.5, 0.5, 0.510101, 0.510101, 0.4848485, 0.48989898, 0.510101, 0.4949495]","[0.5, 0.5, 0.5, 0.5, 0.5, 0.5, 0.5, 0.5]"
4,8,ibmq_kolkata,AerSimulator,"[0.4950495, 0.509901, 0.5, 0.509901, 0.48514852, 0.48514852, 0.5247525, 0.48514852]","[0.5, 0.5, 0.5, 0.5, 0.5, 0.5, 0.5, 0.5]"
5,8,ibmq_kolkata,AerSimulator,"[0.47715735, 0.49238577, 0.51269037, 0.48730963, 0.4720812, 0.5025381, 0.46192893, 0.51269037]","[0.5, 0.5, 0.5, 0.5, 0.5, 0.5, 0.5, 0.5]"
6,8,ibmq_kolkata,AerSimulator,"[0.5625, 0.421875, 1.0, 0.390625, 0.8125, 0.484375, 0.609375, 0.46875]","[0.5019608, 0.5019608, 0.5019608, 0.5019608, 0.5019608, 0.5019608, 0.5019608, 0.5019608]"
7,8,ibmq_kolkata,AerSimulator,"[0.5, 0.49029127, 0.5291262, 0.51941746, 0.4563107, 0.50970876, 0.50970876, 0.5145631]","[0.5, 0.5, 0.5, 0.5, 0.5, 0.5, 0.5, 0.5]"
8,8,ibmq_kolkata,AerSimulator,"[0.47058824, 0.4789916, 0.52100843, 0.4789916, 0.46218488, 0.49579832, 0.5042017, 0.5042017]","[0.5, 0.5, 0.5, 0.5, 0.5, 0.5, 0.5, 0.5]"
9,8,ibmq_kolkata,AerSimulator,"[0.5270936, 0.5073892, 0.49753696, 0.46305418, 0.4827586, 0.50246304, 0.49261084, 0.48768473]","[0.5, 0.5, 0.5, 0.5, 0.5, 0.5, 0.5, 0.5]"
10,8,ibmq_kolkata,AerSimulator,"[0.56886226, 0.502994, 0.65868264, 0.5449102, 0.4730539, 0.502994, 0.5329341, 0.49101797]","[0.5, 0.5, 0.5, 0.5, 0.5, 0.5, 0.5, 0.5]"
11,8,ibmq_kolkata,AerSimulator,"[0.5153061, 0.5153061, 0.5153061, 0.52040815, 0.5, 0.5153061, 0.48979592, 0.5153061]","[0.5, 0.5, 0.5, 0.5, 0.5, 0.5, 0.5, 0.5]"
12,8,ibmq_kolkata,AerSimulator,"[0.51428574, 0.5095238, 0.51428574, 0.51428574, 0.51428574, 0.4904762, 0.4857143, 0.5]","[0.5, 0.5, 0.5, 0.5, 0.5, 0.5, 0.5, 0.5]"
13,8,ibmq_kolkata,AerSimulator,"[0.5145631, 0.5048544, 0.4854369, 0.4514563, 0.49514562, 0.49029127, 0.51941746, 0.5048544]","[0.5, 0.5, 0.5, 0.5, 0.5, 0.5, 0.5, 0.5]"
14,8,ibmq_kolkata,AerSimulator,"[0.0, 1.0, 1.0, 0.0, 0.5, 0.0, 0.5, 0.5]","[0.275, 0.775, 0.925, 0.175, 0.55, 0.3, 0.325, 0.575]"
15,8,ibmq_kolkata,AerSimulator,"[0.509901, 0.4950495, 0.5, 0.490099, 0.5, 0.5, 0.48019803, 0.48019803]","[0.5, 0.5, 0.5, 0.5, 0.5, 0.5, 0.5, 0.5]"
16,8,ibmq_kolkata,AerSimulator,"[0.49753696, 0.49261084, 0.49261084, 0.49261084, 0.48768473, 0.5369458, 0.5073892, 0.49261084]","[0.5, 0.5, 0.5, 0.5, 0.5, 0.5, 0.5, 0.5]"
17,8,ibmq_kolkata,AerSimulator,"[0.49748743, 0.4924623, 0.50753766, 0.4924623, 0.4924623, 0.5125628, 0.4924623, 0.4874372]","[0.5, 0.5, 0.5, 0.5, 0.5, 0.5, 0.5, 0.5]"
18,8,ibmq_kolkata,AerSimulator,"[0.5, 0.5, 0.52403843, 0.49519232, 0.50961536, 0.53846157, 0.48076922, 0.49519232]","[0.5, 0.5, 0.5, 0.5, 0.5, 0.5, 0.5, 0.5]"
19,8,ibmq_kolkata,AerSimulator,"[0.5025126, 0.4874372, 0.49748743, 0.50753766, 0.5025126, 0.4924623, 0.5025126, 0.53768843]","[0.5, 0.5, 0.5, 0.5, 0.5, 0.5, 0.5, 0.5]"
20,8,ibmq_kolkata,AerSimulator,"[0.53846157, 0.52307695, 0.51282054, 0.52820516, 0.48205128, 0.50769234, 0.48205128, 0.50256413]","[0.5, 0.5, 0.5, 0.5, 0.5, 0.5, 0.5, 0.5]"
21,8,ibmq_kolkata,AerSimulator,"[0.5159575, 0.63829786, 0.47340426, 0.5106383, 0.53723407, 0.48404256, 0.38297874, 0.5106383]","[0.49624062, 0.5112782, 0.96240604, 0.49624062, 0.49624062, 0.49624062, 0.48872182, 0.49624062]"
22,8,ibmq_kolkata,AerSimulator,"[0.5048544, 0.5048544, 0.5291262, 0.50970876, 0.49029127, 0.5145631, 0.5048544, 0.5]","[0.5, 0.5, 0.5, 0.5, 0.5, 0.5, 0.5, 0.5]"
23,8,ibmq_kolkata,AerSimulator,"[0.51269037, 0.49238577, 0.5025381, 0.48730963, 0.4822335, 0.46192893, 0.49746192, 0.5177665]","[0.5, 0.5, 0.5, 0.5, 0.5, 0.5, 0.5, 0.5]"
24,8,ibmq_kolkata,AerSimulator,"[0.4827586, 0.50246304, 0.49753696, 0.50246304, 0.49753696, 0.50246304, 0.49753696, 0.5073892]","[0.5, 0.5, 0.5, 0.5, 0.5, 0.5, 0.5, 0.5]"
0,5,ibmq_kolkata,AerSimulator,"[0.0, 0.0, 0.0, 0.48387095, 0.516129, 0.516129, 0.48387095, 0.48387095]","[0.0, 0.0, 0.0, 0.5, 0.5, 0.5, 0.5, 0.5]"
1,5,ibmq_kolkata,AerSimulator,"[0.0, 0.0, 0.0, 0.47826087, 0.47826087, 0.6956522, 0.5217391, 0.47826087]","[0.0, 0.0, 0.0, 0.5, 0.5, 0.5, 0.5, 0.5]"
2,5,ibmq_kolkata,AerSimulator,"[0.0, 0.0, 0.0, 0.5, 0.5, 0.5, 0.5, 0.5]","[0.0, 0.0, 0.0, 0.5, 0.5, 0.5, 0.5, 0.5]"
3,5,ibmq_kolkata,AerSimulator,"[0.0, 0.0, 0.0, 0.4827586, 0.51724136, 0.44827586, 0.51724136, 0.4827586]","[0.0, 0.0, 0.0, 0.5, 0.5, 0.5, 0.5, 0.5]"
4,5,ibmq_kolkata,AerSimulator,"[0.0, 0.0, 0.0, 0.5, 0.5, 0.5, 0.5, 0.5]","[0.0, 0.0, 0.0, 0.5, 0.5, 0.5, 0.5, 0.5]"
5,5,ibmq_kolkata,AerSimulator,"[0.0, 0.0, 0.0, 0.5, 0.5, 0.5, 0.5, 0.5]","[0.0, 0.0, 0.0, 0.5, 0.5, 0.5, 0.5, 0.5]"
6,5,ibmq_kolkata,AerSimulator,"[0.0, 0.0, 0.0, 0.5, 0.5, 0.5, 0.5, 0.5]","[0.0, 0.0, 0.0, 0.5, 0.5, 0.5, 0.5, 0.5]"
7,5,ibmq_kolkata,AerSimulator,"[0.0, 0.0, 0.0, 0.48387095, 0.516129, 0.48387095, 0.516129, 0.48387095]","[0.0, 0.0, 0.0, 0.5, 0.5, 0.5, 0.5, 0.5]"
8,5,ibmq_kolkata,AerSimulator,"[0.0, 0.0, 0.0, 0.6666667, 0.0, 0.6666667, 0.33333334, 0.33333334]","[0.0, 0.0, 0.0, 0.5, 0.5, 0.5, 0.5, 0.5]"
9,5,ibmq_kolkata,AerSimulator,"[0.0, 0.0, 0.0, 0.5, 0.5, 0.5, 0.0, 0.0]","[0.0, 0.0, 0.0, 0.4375, 0.5, 0.9375, 0.5, 0.4375]"
10,5,ibmq_kolkata,AerSimulator,"[0.0, 0.0, 0.0, 0.5, 0.5, 0.53333336, 0.5, 0.5]","[0.0, 0.0, 0.0, 0.5, 0.5, 0.5, 0.5, 0.5]"
11,5,ibmq_kolkata,AerSimulator,"[0.0, 0.0, 0.0, 0.516129, 0.48387095, 0.48387095, 0.48387095, 0.48387095]","[0.0, 0.0, 0.0, 0.5, 0.5, 0.5, 0.5, 0.5]"
12,5,ibmq_kolkata,AerSimulator,"[0.0, 0.0, 0.0, 0.0, 0.0, 0.0, 0.0, 0.0]","[0.0, 0.0, 0.0, 0.36363637, 0.36363637, 0.90909094, 0.27272728, 0.27272728]"
13,5,ibmq_kolkata,AerSimulator,"[0.0, 0.0, 0.0, 0.48387095, 0.48387095, 0.516129, 0.516129, 0.48387095]","[0.0, 0.0, 0.0, 0.5, 0.5, 0.5, 0.5, 0.5]"
14,5,ibmq_kolkata,AerSimulator,"[0.0, 0.0, 0.0, 0.516129, 0.516129, 0.516129, 0.48387095, 0.516129]","[0.0, 0.0, 0.0, 0.5, 0.5, 0.5, 0.5, 0.5]"
15,5,ibmq_kolkata,AerSimulator,"[0.0, 0.0, 0.0, 0.5, 0.46666667, 0.46666667, 0.5, 0.5]","[0.0, 0.0, 0.0, 0.5, 0.5, 0.5, 0.5, 0.5]"
16,5,ibmq_kolkata,AerSimulator,"[0.0, 0.0, 0.0, 0.5, 0.3181818, 0.5, 0.6363636, 0.5]","[0.0, 0.0, 0.0, 0.5, 0.5, 0.5, 0.5, 0.5]"
17,5,ibmq_kolkata,AerSimulator,"[0.0, 0.0, 0.0, 0.51724136, 0.4827586, 0.44827586, 0.4827586, 0.51724136]","[0.0, 0.0, 0.0, 0.5, 0.5, 0.5, 0.5, 0.5]"
18,5,ibmq_kolkata,AerSimulator,"[0.0, 0.0, 0.0, 1.0, 0.0, 0.5, 0.5, 0.5]","[0.0, 0.0, 0.0, 0.5, 0.5, 0.5, 0.5, 0.5]"
19,5,ibmq_kolkata,AerSimulator,"[0.0, 0.0, 0.0, 0.516129, 0.48387095, 0.516129, 0.516129, 0.516129]","[0.0, 0.0, 0.0, 0.5, 0.5, 0.5, 0.5, 0.5]"
20,5,ibmq_kolkata,AerSimulator,"[0.0, 0.0, 0.0, 0.516129, 0.516129, 0.48387095, 0.48387095, 0.48387095]","[0.0, 0.0, 0.0, 0.5, 0.5, 0.5, 0.5, 0.5]"
21,5,ibmq_kolkata,AerSimulator,"[0.0, 0.0, 0.0, 0.48387095, 0.48387095, 0.48387095, 0.516129, 0.48387095]","[0.0, 0.0, 0.0, 0.5, 0.5, 0.5, 0.5, 0.5]"
22,5,ibmq_kolkata,AerSimulator,"[0.0, 0.0, 0.0, 0.5, 0.5, 0.46666667, 0.5, 0.53333336]","[0.0, 0.0, 0.0, 0.48, 0.52, 0.64, 0.52, 0.52]"
23,5,ibmq_kolkata,AerSimulator,"[0.0, 0.0, 0.0, 0.5, 0.5, 0.5, 0.5, 0.5]","[0.0, 0.0, 0.0, 0.5, 0.5, 0.5, 0.5, 0.5]"
24,5,ibmq_kolkata,AerSimulator,"[0.0, 0.0, 0.0, 0.5, 0.33333334, 0.5, 0.5, 0.6666667]","[0.0, 0.0, 0.0, 0.5, 0.5, 0.5, 0.5, 0.5]"
0,6,ibmq_kolkata,AerSimulator,"[0.0, 0.0, 0.4915254, 0.5084746, 0.47457626, 0.4915254, 0.5084746, 0.45762712]","[0.0, 0.0, 0.5, 0.5, 0.5, 0.5, 0.5, 0.5]"
1,6,ibmq_kolkata,AerSimulator,"[0.0, 0.0, 0.5869565, 0.5, 0.5217391, 0.5652174, 0.45652175, 0.5869565]","[0.0, 0.0, 0.5, 0.5, 0.5, 0.5, 0.5, 0.5]"
2,6,ibmq_kolkata,AerSimulator,"[0.0, 0.0, 0.5535714, 0.5, 0.44642857, 0.48214287, 0.5, 0.48214287]","[0.0, 0.0, 0.49056605, 0.5471698, 0.6037736, 0.4716981, 0.509434, 0.5283019]"
3,6,ibmq_kolkata,AerSimulator,"[0.0, 0.0, 0.4920635, 0.50793654, 0.50793654, 0.4920635, 0.50793654, 0.50793654]","[0.0, 0.0, 0.5, 0.5, 0.5, 0.5, 0.5, 0.5]"
4,6,ibmq_kolkata,AerSimulator,"[0.0, 0.0, 0.45614034, 0.5263158, 0.54385966, 0.50877196, 0.50877196, 0.5263158]","[0.0, 0.0, 0.5, 0.5, 0.5, 0.5, 0.5, 0.5]"
5,6,ibmq_kolkata,AerSimulator,"[0.0, 0.0, 0.50793654, 0.50793654, 0.4920635, 0.4920635, 0.4920635, 0.4920635]","[0.0, 0.0, 0.525, 0.575, 0.5, 0.475, 0.8, 0.5]"
6,6,ibmq_kolkata,AerSimulator,"[0.0, 0.0, 0.516129, 0.5, 0.516129, 0.5, 0.5, 0.5]","[0.0, 0.0, 0.5, 0.5, 0.5, 0.5, 0.5, 0.5]"
7,6,ibmq_kolkata,AerSimulator,"[0.0, 0.0, 0.5, 0.5, 0.48333332, 0.53333336, 0.5, 0.53333336]","[0.0, 0.0, 0.5, 0.5, 0.5, 0.5, 0.5, 0.5]"
8,6,ibmq_kolkata,AerSimulator,"[0.0, 0.0, 0.5081967, 0.4918033, 0.5081967, 0.5081967, 0.4918033, 0.5081967]","[0.0, 0.0, 0.5, 0.5, 0.5, 0.5, 0.5, 0.5]"
9,6,ibmq_kolkata,AerSimulator,"[0.0, 0.0, 0.0, 0.0, 0.0, 0.0, 0.0, 0.0]","[0.0, 0.0, 0.3125, 0.25, 0.3125, 0.9375, 0.3125, 0.25]"
10,6,ibmq_kolkata,AerSimulator,"[0.0, 0.0, 0.47457626, 0.5254237, 0.5254237, 0.5254237, 0.5084746, 0.5084746]","[0.0, 0.0, 0.5365854, 0.5609756, 0.5121951, 0.5365854, 0.7804878, 0.5121951]"
11,6,ibmq_kolkata,AerSimulator,"[0.0, 0.0, 0.54, 0.4, 0.4, 0.48, 0.54, 0.56]","[0.0, 0.0, 0.5, 0.5, 0.5, 0.5, 0.5, 0.5]"
12,6,ibmq_kolkata,AerSimulator,"[0.0, 0.0, 0.5, 0.51785713, 0.5, 0.51785713, 0.48214287, 0.51785713]","[0.0, 0.0, 0.5, 0.5, 0.5, 0.5, 0.5, 0.5]"
13,6,ibmq_kolkata,AerSimulator,"[0.0, 0.0, 0.47540984, 0.5081967, 0.5081967, 0.5081967, 0.4918033, 0.4918033]","[0.0, 0.0, 0.5, 0.5, 0.5, 0.5, 0.5, 0.5]"
14,6,ibmq_kolkata,AerSimulator,"[0.0, 0.0, 0.5084746, 0.5084746, 0.4915254, 0.5084746, 0.5084746, 0.5254237]","[0.0, 0.0, 0.5, 0.5, 0.5, 0.5, 0.5, 0.5]"
15,6,ibmq_kolkata,AerSimulator,"[0.0, 0.0, 0.516129, 0.48387095, 0.516129, 0.5, 0.5, 0.48387095]","[0.0, 0.0, 0.5263158, 0.47368422, 0.84210527, 0.5263158, 0.5, 0.5]"
16,6,ibmq_kolkata,AerSimulator,"[0.0, 0.0, 0.5081967, 0.52459013, 0.4918033, 0.5081967, 0.4918033, 0.4918033]","[0.0, 0.0, 0.5, 0.5, 0.5, 0.5, 0.5, 0.5]"
17,6,ibmq_kolkata,AerSimulator,"[0.0, 0.0, 0.5, 0.48387095, 0.516129, 0.516129, 0.5, 0.5]","[0.0, 0.0, 0.5, 0.5, 0.5, 0.5, 0.5, 0.5]"
18,6,ibmq_kolkata,AerSimulator,"[0.0, 0.0, 0.5, 1.0, 0.5, 0.5, 0.5, 0.5]","[0.0, 0.0, 0.5, 0.5, 0.5, 0.5, 0.5, 0.5]"
19,6,ibmq_kolkata,AerSimulator,"[0.0, 0.0, 0.5084746, 0.5084746, 0.5084746, 0.5254237, 0.4915254, 0.4915254]","[0.0, 0.0, 0.5, 0.5, 0.5, 0.5, 0.5, 0.5]"
20,6,ibmq_kolkata,AerSimulator,"[0.0, 0.0, 0.47368422, 0.5263158, 0.5263158, 0.50877196, 0.50877196, 0.5263158]","[0.0, 0.0, 0.5, 0.5, 0.5, 0.5, 0.5, 0.5]"
21,6,ibmq_kolkata,AerSimulator,"[0.0, 0.0, 0.5, 0.4, 0.0, 0.8, 0.4, 0.5]","[0.0, 0.0, 0.50793654, 0.50793654, 0.4920635, 0.50793654, 0.4920635, 0.50793654]"
22,6,ibmq_kolkata,AerSimulator,"[0.0, 0.0, 0.51666665, 0.53333336, 0.5, 0.5, 0.46666667, 0.51666665]","[0.0, 0.0, 0.5, 0.5, 0.5, 0.5, 0.5, 0.5]"
23,6,ibmq_kolkata,AerSimulator,"[0.0, 0.0, 0.5081967, 0.5081967, 0.4918033, 0.5081967, 0.5081967, 0.52459013]","[0.0, 0.0, 0.5, 0.5, 0.5, 0.5, 0.5, 0.5]"
24,6,ibmq_kolkata,AerSimulator,"[0.0, 0.0, 0.516129, 0.5, 0.48387095, 0.5, 0.48387095, 0.516129]","[0.0, 0.0, 0.5, 0.5, 0.5, 0.5, 0.5, 0.5]"
0,8,ibmq_kolkata,AerSimulator,"[0.475, 0.49, 0.5, 0.49, 0.47, 0.515, 0.51, 0.495]","[0.5, 0.5, 0.5, 0.5, 0.5, 0.5, 0.5, 0.5]"
1,8,ibmq_kolkata,AerSimulator,"[0.5121951, 0.502439, 0.5219512, 0.47804877, 0.5121951, 0.52682924, 0.49268293, 0.53170735]","[0.5, 0.5, 0.5, 0.5, 0.5, 0.5, 0.5, 0.5]"
2,8,ibmq_kolkata,AerSimulator,"[0.530303, 0.4848485, 0.4949495, 0.4949495, 0.53535354, 0.4949495, 0.479798, 0.510101]","[0.5, 0.5, 0.5, 0.5, 0.5, 0.5, 0.5, 0.5]"
3,8,ibmq_kolkata,AerSimulator,"[0.5, 0.0, 0.0, 0.0, 0.0, 0.0, 0.0, 0.0]","[0.8787879, 0.21212122, 0.21212122, 0.21212122, 0.33333334, 0.21212122, 0.24242425, 0.42424244]"
4,8,ibmq_kolkata,AerSimulator,"[0.49289098, 0.50236964, 0.48815167, 0.507109, 0.52606636, 0.49763033, 0.47867298, 0.507109]","[0.5, 0.5, 0.5, 0.5, 0.5, 0.5, 0.5, 0.5]"
5,8,ibmq_kolkata,AerSimulator,"[0.4879227, 0.5120773, 0.49758455, 0.5024155, 0.49275362, 0.5169082, 0.47826087, 0.4879227]","[0.5, 0.5, 0.5, 0.5, 0.5, 0.5, 0.5, 0.5]"
6,8,ibmq_kolkata,AerSimulator,"[0.502439, 0.49756098, 0.502439, 0.51707315, 0.4878049, 0.502439, 0.48292682, 0.5121951]","[0.5, 0.5, 0.5, 0.5, 0.5, 0.5, 0.5, 0.5]"
7,8,ibmq_kolkata,AerSimulator,"[0.4818653, 0.50259066, 0.51295334, 0.48704663, 0.51295334, 0.4974093, 0.49222797, 0.48704663]","[0.5, 0.5, 0.5, 0.5, 0.5, 0.5, 0.5, 0.5]"
8,8,ibmq_kolkata,AerSimulator,"[0.49758455, 0.49275362, 0.47342995, 0.49758455, 0.5072464, 0.49275362, 0.5072464, 0.5072464]","[0.5, 0.5, 0.5, 0.5, 0.5, 0.5, 0.5, 0.5]"
9,8,ibmq_kolkata,AerSimulator,"[0.52238804, 0.48258707, 0.49253732, 0.5074627, 0.54228854, 0.54228854, 0.5124378, 0.52238804]","[0.5, 0.5, 0.5, 0.5, 0.5, 0.5, 0.5, 0.5]"
10,8,ibmq_kolkata,AerSimulator,"[0.5102041, 0.5, 0.5, 0.45408162, 0.53061223, 0.48469388, 0.47959185, 0.48469388]","[0.5, 0.5, 0.5, 0.5, 0.5, 0.5, 0.5, 0.5]"
11,8,ibmq_kolkata,AerSimulator,"[0.49519232, 0.49519232, 0.4903846, 0.5144231, 0.49519232, 0.52403843, 0.5, 0.50961536]","[0.5, 0.5, 0.5, 0.5, 0.5, 0.5, 0.5, 0.5]"
12,8,ibmq_kolkata,AerSimulator,"[0.51428574, 0.50476193, 0.4904762, 0.5095238, 0.50476193, 0.52380955, 0.5095238, 0.50476193]","[0.5, 0.5, 0.5, 0.5, 0.5, 0.5, 0.5, 0.5]"
13,8,ibmq_kolkata,AerSimulator,"[0.5418719, 0.4827586, 0.45320198, 0.50246304, 0.5073892, 0.49753696, 0.5221675, 0.51724136]","[0.5, 0.5, 0.5, 0.5, 0.5, 0.5, 0.5, 0.5]"
14,8,ibmq_kolkata,AerSimulator,"[0.515, 0.555, 0.475, 0.52, 0.5, 0.455, 0.49, 0.515]","[0.5, 0.5, 0.5, 0.5, 0.5, 0.5, 0.5, 0.5]"
15,8,ibmq_kolkata,AerSimulator,"[0.48058254, 0.4854369, 0.49514562, 0.50970876, 0.5145631, 0.50970876, 0.49029127, 0.4854369]","[0.5, 0.5, 0.5, 0.5, 0.5, 0.5, 0.5, 0.5]"
16,8,ibmq_kolkata,AerSimulator,"[0.47938144, 0.5, 0.5, 0.48969072, 0.48969072, 0.52577317, 0.48969072, 0.49484536]","[0.5, 0.5, 0.5, 0.5, 0.5, 0.5, 0.5, 0.5]"
17,8,ibmq_kolkata,AerSimulator,"[0.4973545, 0.37037036, 0.5132275, 0.5185185, 0.5185185, 0.5185185, 0.48677248, 0.5026455]","[0.5, 0.5, 0.5, 0.5, 0.5, 0.5, 0.5, 0.5]"
18,8,ibmq_kolkata,AerSimulator,"[0.5105263, 0.53157896, 0.52105266, 0.47894737, 0.46842104, 0.4473684, 0.5473684, 0.5105263]","[0.5, 0.5, 0.5, 0.5, 0.5, 0.5, 0.5, 0.5]"
19,8,ibmq_kolkata,AerSimulator,"[0.49238577, 0.52284265, 0.49746192, 0.51269037, 0.51269037, 0.5076142, 0.5076142, 0.5431472]","[0.5, 0.5, 0.5, 0.5, 0.5, 0.5, 0.5, 0.5]"
20,8,ibmq_kolkata,AerSimulator,"[0.5147059, 0.5245098, 0.47549018, 0.48039216, 0.50980395, 0.48039216, 0.49509802, 0.50490195]","[0.5, 0.5, 0.5, 0.5, 0.5, 0.5, 0.5, 0.5]"
21,8,ibmq_kolkata,AerSimulator,"[0.44827586, 0.47783253, 0.5073892, 0.50246304, 0.51724136, 0.5369458, 0.50246304, 0.47783253]","[0.5019608, 0.5019608, 0.5019608, 0.5019608, 0.5019608, 0.49803922, 0.5019608, 0.5019608]"
22,8,ibmq_kolkata,AerSimulator,"[0.44545454, 0.4909091, 0.47272727, 0.5272727, 0.7818182, 0.4909091, 0.5, 0.36363637]","[0.5, 0.5, 0.5, 0.5, 0.5, 0.5, 0.5, 0.5]"
23,8,ibmq_kolkata,AerSimulator,"[0.50793654, 0.48677248, 0.46560848, 0.4814815, 0.50793654, 0.48677248, 0.4920635, 0.5185185]","[0.5, 0.5, 0.5, 0.5, 0.5, 0.5, 0.5, 0.5]"
24,8,ibmq_kolkata,AerSimulator,"[0.48039216, 0.5, 0.48039216, 0.5, 0.49019608, 0.48039216, 0.5, 0.5]","[0.5, 0.5, 0.5, 0.5, 0.5, 0.5, 0.5, 0.5]"
0,7,ibmq_kolkata,AerSimulator,"[0.0, 0.5132743, 0.50442475, 0.5132743, 0.49557522, 0.5221239, 0.50442475, 0.5221239]","[0.0, 0.5, 0.5, 0.5, 0.5, 0.5, 0.5, 0.5]"
1,7,ibmq_kolkata,AerSimulator,"[0.0, 0.50442475, 0.48672566, 0.5221239, 0.5221239, 0.50442475, 0.48672566, 0.4778761]","[0.0, 0.5, 0.5, 0.5, 0.5, 0.5, 0.5, 0.5]"
2,7,ibmq_kolkata,AerSimulator,"[0.0, 0.5043478, 0.4869565, 0.51304346, 0.4869565, 0.51304346, 0.47826087, 0.5043478]","[0.0, 0.5, 0.5, 0.5, 0.5, 0.5, 0.5, 0.5]"
3,7,ibmq_kolkata,AerSimulator,"[0.0, 0.4869565, 0.4869565, 0.49565217, 0.5043478, 0.5043478, 0.49565217, 0.49565217]","[0.0, 0.5, 0.5, 0.5, 0.5, 0.5, 0.5, 0.5]"
4,7,ibmq_kolkata,AerSimulator,"[0.0, 0.5045045, 0.4864865, 0.4954955, 0.5045045, 0.5135135, 0.4954955, 0.5045045]","[0.0, 0.5, 0.5, 0.5, 0.5, 0.5, 0.5, 0.5]"
5,7,ibmq_kolkata,AerSimulator,"[0.0, 0.49557522, 0.53097343, 0.5132743, 0.49557522, 0.5132743, 0.48672566, 0.49557522]","[0.0, 0.5, 0.5, 0.5, 0.5, 0.5, 0.5, 0.5]"
6,7,ibmq_kolkata,AerSimulator,"[0.0, 0.5132743, 0.50442475, 0.4778761, 0.50442475, 0.49557522, 0.48672566, 0.5221239]","[0.0, 0.5, 0.5, 0.5, 0.5, 0.5, 0.5, 0.5]"
7,7,ibmq_kolkata,AerSimulator,"[0.0, 0.49107143, 0.5089286, 0.49107143, 0.51785713, 0.5, 0.51785713, 0.5]","[0.0, 0.5, 0.5, 0.5, 0.5, 0.5, 0.5, 0.5]"
8,7,ibmq_kolkata,AerSimulator,"[0.0, 0.45054945, 0.53846157, 0.52747256, 0.48351648, 0.52747256, 0.52747256, 0.46153846]","[0.0, 0.5, 0.5, 0.5, 0.5, 0.5, 0.5, 0.5]"
9,7,ibmq_kolkata,AerSimulator,"[0.0, 0.5326087, 0.5326087, 0.5326087, 0.47826087, 0.54347825, 0.45652175, 0.51086956]","[0.0, 0.5, 0.5, 0.5, 0.5, 0.5, 0.5, 0.5]"
10,7,ibmq_kolkata,AerSimulator,"[0.0, 0.5043478, 0.5043478, 0.4869565, 0.49565217, 0.5043478, 0.5217391, 0.5217391]","[0.0, 0.5, 0.5, 0.5, 0.5, 0.5, 0.5, 0.5]"
11,7,ibmq_kolkata,AerSimulator,"[0.0, 0.675, 0.525, 0.4875, 0.45, 0.4875, 0.525, 0.4]","[0.0, 0.5151515, 0.4848485, 0.5, 0.5151515, 0.969697, 0.4848485, 0.5]"
12,7,ibmq_kolkata,AerSimulator,"[0.0, 0.0, 1.0, 0.0, 0.0, 1.0, 0.5, 0.0]","[0.0, 0.43835616, 0.60273975, 0.24657534, 0.41095892, 0.5205479, 0.5068493, 0.39726028]"
13,7,ibmq_kolkata,AerSimulator,"[0.0, 0.4864865, 0.5135135, 0.4954955, 0.5225225, 0.4954955, 0.4954955, 0.4954955]","[0.0, 0.5, 0.5, 0.5, 0.5, 0.5, 0.5, 0.5]"
14,7,ibmq_kolkata,AerSimulator,"[0.0, 0.49541286, 0.48623854, 0.51376146, 0.5504587, 0.51376146, 0.5045872, 0.49541286]","[0.0, 0.5, 0.5, 0.5, 0.5, 0.5, 0.5, 0.5]"
15,7,ibmq_kolkata,AerSimulator,"[0.0, 0.49565217, 0.51304346, 0.4869565, 0.4869565, 0.49565217, 0.5304348, 0.4869565]","[0.0, 0.5, 0.5, 0.5, 0.5, 0.5, 0.5, 0.5]"
16,7,ibmq_kolkata,AerSimulator,"[0.0, 0.4732143, 0.48214287, 0.5, 0.48214287, 0.49107143, 0.53571427, 0.5]","[0.0, 0.5, 0.5, 0.5, 0.5, 0.5, 0.5, 0.5]"
17,7,ibmq_kolkata,AerSimulator,"[0.0, 0.50442475, 0.4778761, 0.5132743, 0.5221239, 0.5221239, 0.5132743, 0.50442475]","[0.0, 0.5, 0.5, 0.5, 0.5, 0.5, 0.5, 0.5]"
18,7,ibmq_kolkata,AerSimulator,"[0.0, 0.51724136, 0.5344828, 0.5086207, 0.4827586, 0.5086207, 0.5, 0.5]","[0.0, 0.5, 0.5, 0.5, 0.5, 0.5, 0.5, 0.5]"
19,7,ibmq_kolkata,AerSimulator,"[0.0, 0.48739496, 0.48739496, 0.5126051, 0.49579832, 0.52100843, 0.49579832, 0.5042017]","[0.0, 0.4945055, 0.52747256, 0.50549453, 0.5494506, 0.7032967, 0.50549453, 0.4945055]"
20,7,ibmq_kolkata,AerSimulator,"[0.0, 0.44444445, 0.4814815, 0.49074075, 0.5185185, 0.5185185, 0.5, 0.49074075]","[0.0, 0.5, 0.5, 0.5, 0.5, 0.5, 0.5, 0.5]"
21,7,ibmq_kolkata,AerSimulator,"[0.0, 0.49557522, 0.49557522, 0.5132743, 0.50442475, 0.48672566, 0.53097343, 0.4778761]","[0.0, 0.5, 0.5, 0.5, 0.5, 0.5, 0.5, 0.5]"
22,7,ibmq_kolkata,AerSimulator,"[0.0, 0.3970588, 0.5, 0.47058824, 0.14705883, 0.47058824, 0.5, 0.60294116]","[0.0, 0.5, 0.5, 0.5, 0.5, 0.5, 0.5, 0.5]"
23,7,ibmq_kolkata,AerSimulator,"[0.0, 0.0, 0.0, 0.0, 0.0, 0.0, 0.0, 0.0]","[0.0, 0.3888889, 0.33333334, 0.22222222, 0.33333334, 1.0, 0.11111111, 0.22222222]"
24,7,ibmq_kolkata,AerSimulator,"[0.0, 0.16666667, 0.6666667, 0.41666666, 0.0, 0.6666667, 0.41666666, 0.9166667]","[0.0, 0.5, 0.5, 0.5, 0.5, 0.5, 0.5, 0.5]"
25,7,ibmq_kolkata,AerSimulator,"[0.0, 0.46296296, 0.4814815, 0.49074075, 0.5, 0.49074075, 0.5185185, 0.46296296]","[0.0, 0.5, 0.5, 0.5, 0.5, 0.5, 0.5, 0.5]"
26,7,ibmq_kolkata,AerSimulator,"[0.0, 0.53846157, 0.53846157, 0.5769231, 0.5, 0.3846154, 0.15384616, 0.53846157]","[0.0, 0.5, 0.5, 0.5, 0.5, 0.5, 0.5, 0.5]"
27,7,ibmq_kolkata,AerSimulator,"[0.0, 0.44954127, 0.47706422, 0.47706422, 0.48623854, 0.5045872, 0.51376146, 0.49541286]","[0.0, 0.5, 0.5, 0.5, 0.5, 0.5, 0.5, 0.5]"
28,7,ibmq_kolkata,AerSimulator,"[0.0, 0.5, 0.5084746, 0.5, 0.5169492, 0.5084746, 0.5169492, 0.5169492]","[0.0, 0.5, 0.5, 0.5, 0.5, 0.5, 0.5, 0.5]"
29,7,ibmq_kolkata,AerSimulator,"[0.0, 0.5083333, 0.51666665, 0.49166667, 0.49166667, 0.5, 0.5, 0.5083333]","[0.0, 0.5, 0.5, 0.5, 0.5, 0.5, 0.5, 0.5]"
30,7,ibmq_kolkata,AerSimulator,"[0.0, 0.51282054, 0.51282054, 0.4871795, 0.4957265, 0.51282054, 0.4957265, 0.4871795]","[0.0, 0.5, 0.5, 0.5, 0.5, 0.5, 0.5, 0.5]"
31,7,ibmq_kolkata,AerSimulator,"[0.0, 0.5081967, 1.0, 0.47540984, 0.47540984, 0.4918033, 0.4918033, 0.5081967]","[0.0, 0.5, 0.5, 0.5, 0.5, 0.5, 0.5, 0.5]"
32,7,ibmq_kolkata,AerSimulator,"[0.0, 0.460177, 0.48672566, 0.4778761, 0.48672566, 0.4778761, 0.5221239, 0.4778761]","[0.0, 0.5, 0.5, 0.5, 0.5, 0.5, 0.5, 0.5]"
33,7,ibmq_kolkata,AerSimulator,"[0.0, 0.4827586, 0.4827586, 0.47413793, 0.5344828, 0.49137932, 0.49137932, 0.5086207]","[0.0, 0.5, 0.5, 0.5, 0.5, 0.5, 0.5, 0.5]"
34,7,ibmq_kolkata,AerSimulator,"[0.0, 0.48305085, 0.5169492, 0.5169492, 0.48305085, 0.5084746, 0.5, 0.5254237]","[0.0, 0.5, 0.5, 0.5, 0.5, 0.5, 0.5, 0.5]"
35,7,ibmq_kolkata,AerSimulator,"[0.0, 1.0, 0.5, 0.0, 0.5, 0.5, 0.5, 0.5]","[0.0, 0.504, 0.512, 0.496, 0.488, 0.496, 0.512, 0.504]"
36,7,ibmq_kolkata,AerSimulator,"[0.0, 0.5043478, 0.4695652, 0.51304346, 0.49565217, 0.51304346, 0.49565217, 0.51304346]","[0.0, 0.5, 0.5, 0.5, 0.5, 0.5, 0.5, 0.5]"
37,7,ibmq_kolkata,AerSimulator,"[0.0, 0.4893617, 0.0, 0.68085104, 0.4893617, 0.5106383, 0.4893617, 0.4893617]","[0.0, 0.5, 0.5, 0.5, 0.5, 0.5, 0.5, 0.5]"
38,7,ibmq_kolkata,AerSimulator,"[0.0, 0.47413793, 0.4827586, 0.5086207, 0.51724136, 0.5, 0.49137932, 0.49137932]","[0.0, 0.5, 0.5, 0.5, 0.5, 0.5, 0.5, 0.5]"
39,7,ibmq_kolkata,AerSimulator,"[0.0, 0.47863248, 0.4957265, 0.4957265, 0.47863248, 0.4957265, 0.47863248, 0.4957265]","[0.0, 0.5, 0.5, 0.5, 0.5, 0.5, 0.5, 0.5]"
40,7,ibmq_kolkata,AerSimulator,"[0.0, 0.51282054, 0.52136755, 0.4957265, 0.47863248, 0.4871795, 0.4957265, 0.4871795]","[0.0, 0.5, 0.5, 0.5, 0.5, 0.5, 0.5, 0.5]"
41,7,ibmq_kolkata,AerSimulator,"[0.0, 0.47826087, 0.51304346, 0.5043478, 0.49565217, 0.5043478, 0.4695652, 0.4869565]","[0.0, 0.5, 0.5, 0.5, 0.5, 0.5, 0.5, 0.5]"
42,7,ibmq_kolkata,AerSimulator,"[0.0, 0.369863, 0.56164384, 0.369863, 0.60273975, 0.38356164, 0.3561644, 0.47945204]","[0.0, 0.5, 0.5, 0.5, 0.5, 0.5, 0.5, 0.5]"
43,7,ibmq_kolkata,AerSimulator,"[0.0, 0.48245615, 0.54385966, 0.5, 0.50877196, 0.49122807, 0.5, 0.49122807]","[0.0, 0.5, 0.5, 0.5, 0.5, 0.5, 0.5, 0.5]"
44,7,ibmq_kolkata,AerSimulator,"[0.0, 0.5132743, 0.4778761, 0.5221239, 0.50442475, 0.50442475, 0.49557522, 0.5221239]","[0.0, 0.5, 0.5, 0.5, 0.5, 0.5, 0.5, 0.5]"
45,7,ibmq_kolkata,AerSimulator,"[0.0, 0.51785713, 0.5, 0.4732143, 0.52678573, 0.48214287, 0.53571427, 0.45535713]","[0.0, 0.5, 0.5, 0.5, 0.5, 0.5, 0.5, 0.5]"
46,7,ibmq_kolkata,AerSimulator,"[0.0, 0.5, 0.5, 0.4827586, 0.49137932, 0.4827586, 0.5086207, 0.51724136]","[0.0, 0.5, 0.5, 0.5, 0.5, 0.5, 0.5, 0.5]"
47,7,ibmq_kolkata,AerSimulator,"[0.0, 0.5135135, 0.5225225, 0.4954955, 0.5045045, 0.5045045, 0.5045045, 0.4954955]","[0.0, 0.5, 0.5, 0.5, 0.5, 0.5, 0.5, 0.5]"
48,7,ibmq_kolkata,AerSimulator,"[0.0, 0.53097343, 0.4778761, 0.49557522, 0.4778761, 0.49557522, 0.48672566, 0.4778761]","[0.0, 0.5, 0.5, 0.5, 0.5, 0.5, 0.5, 0.5]"
49,7,ibmq_kolkata,AerSimulator,"[0.0, 0.0, 0.45454547, 0.0, 0.72727275, 0.45454547, 0.0, 0.36363637]","[0.0, 0.4920635, 0.50793654, 0.4920635, 0.50793654, 0.4920635, 0.5, 0.50793654]"
50,7,ibmq_kolkata,AerSimulator,"[0.0, 0.5263158, 0.5263158, 0.48245615, 0.51754385, 0.49122807, 0.50877196, 0.50877196]","[0.0, 0.5, 0.5, 0.5, 0.5, 0.5, 0.5, 0.5]"
51,7,ibmq_kolkata,AerSimulator,"[0.0, 0.5169492, 0.5169492, 0.5084746, 0.5169492, 0.5084746, 0.5254237, 0.47457626]","[0.0, 0.5, 0.5, 0.5, 0.5, 0.5, 0.5, 0.5]"
52,7,ibmq_kolkata,AerSimulator,"[0.0, 0.5045045, 0.5045045, 0.5135135, 0.5225225, 0.4864865, 0.4954955, 0.5315315]","[0.0, 0.5, 0.5, 0.5, 0.5, 0.5, 0.5, 0.5]"
53,7,ibmq_kolkata,AerSimulator,"[0.0, 0.52136755, 0.4957265, 0.51282054, 0.50427353, 0.51282054, 0.52136755, 0.4957265]","[0.0, 0.5, 0.5, 0.5, 0.5, 0.5, 0.5, 0.5]"
54,7,ibmq_kolkata,AerSimulator,"[0.0, 0.5, 0.5084746, 0.5, 0.5084746, 0.4915254, 0.5084746, 0.48305085]","[0.0, 0.5, 0.5, 0.5, 0.5, 0.5, 0.5, 0.5]"
55,7,ibmq_kolkata,AerSimulator,"[0.0, 0.5, 0.49137932, 0.4827586, 0.5, 0.49137932, 0.5086207, 0.49137932]","[0.0, 0.5104167, 0.46875, 0.5104167, 0.6666667, 0.5208333, 0.46875, 0.5]"
56,7,ibmq_kolkata,AerSimulator,"[0.0, 0.5, 0.5, 0.48245615, 0.5, 0.49122807, 0.48245615, 0.50877196]","[0.0, 0.5, 0.5, 0.5, 0.5, 0.5, 0.5, 0.5]"
57,7,ibmq_kolkata,AerSimulator,"[0.0, 0.5, 0.5090909, 0.4909091, 0.46363637, 0.48181817, 0.4909091, 0.54545456]","[0.0, 0.5, 0.5, 0.5, 0.5, 0.5, 0.5, 0.5]"
58,7,ibmq_kolkata,AerSimulator,"[0.0, 0.47413793, 0.5086207, 0.5, 0.49137932, 0.5258621, 0.51724136, 0.49137932]","[0.0, 0.5, 0.5, 0.5, 0.5, 0.5, 0.5, 0.5]"
59,7,ibmq_kolkata,AerSimulator,"[0.0, 0.5, 0.0, 0.5, 0.4, 1.0, 0.75, 0.6]","[0.0, 0.4915254, 0.4661017, 0.5084746, 0.5, 0.5423729, 0.5338983, 0.4915254]"
60,7,ibmq_kolkata,AerSimulator,"[0.0, 0.5, 0.50877196, 0.49122807, 0.48245615, 0.51754385, 0.5, 0.5]","[0.0, 0.5, 0.5, 0.5, 0.5, 0.5, 0.5, 0.5]"
61,7,ibmq_kolkata,AerSimulator,"[0.0, 0.44, 0.44, 0.52, 0.4, 0.4, 0.08, 0.4]","[0.0, 0.5, 0.5, 0.5, 0.5, 0.5, 0.5, 0.5]"
62,7,ibmq_kolkata,AerSimulator,"[0.0, 0.4695652, 0.49565217, 0.49565217, 0.5043478, 0.49565217, 0.47826087, 0.4869565]","[0.0, 0.5, 0.5, 0.5, 0.5, 0.5, 0.5, 0.5]"
63,7,ibmq_kolkata,AerSimulator,"[0.0, 0.49565217, 0.49565217, 0.51304346, 0.5043478, 0.49565217, 0.4869565, 0.4869565]","[0.0, 0.5, 0.5, 0.5, 0.5, 0.5, 0.5, 0.5]"
64,7,ibmq_kolkata,AerSimulator,"[0.0, 0.5, 0.33333334, 0.0, 0.0, 1.0, 0.5, 0.33333334]","[0.0, 0.51428574, 0.5, 0.4857143, 0.5285714, 0.47142857, 0.4857143, 0.9142857]"
65,7,ibmq_kolkata,AerSimulator,"[0.0, 0.4954955, 0.5045045, 0.5045045, 0.5135135, 0.5045045, 0.5135135, 0.4954955]","[0.0, 0.5, 0.5, 0.5, 0.5, 0.5, 0.5, 0.5]"
66,7,ibmq_kolkata,AerSimulator,"[0.0, 0.5181818, 0.5090909, 0.5090909, 0.46363637, 0.45454547, 0.4909091, 0.5]","[0.0, 0.5, 0.5, 0.5, 0.5, 0.5, 0.5, 0.5]"
67,7,ibmq_kolkata,AerSimulator,"[0.0, 0.5, 0.47457626, 0.5, 0.5169492, 0.48305085, 0.5084746, 0.5]","[0.0, 0.5, 0.5, 0.5, 0.5, 0.5, 0.5, 0.5]"
68,7,ibmq_kolkata,AerSimulator,"[0.0, 0.51785713, 0.5, 0.52678573, 0.48214287, 0.49107143, 0.5089286, 0.49107143]","[0.0, 0.67368424, 0.4631579, 0.51578945, 0.48421052, 0.5473684, 0.5368421, 0.47368422]"
69,7,ibmq_kolkata,AerSimulator,"[0.0, 0.50442475, 0.49557522, 0.5132743, 0.50442475, 0.49557522, 0.49557522, 0.49557522]","[0.0, 0.5, 0.5, 0.5, 0.5, 0.5, 0.5, 0.5]"
70,7,ibmq_kolkata,AerSimulator,"[0.0, 0.5, 0.48214287, 0.51785713, 0.51785713, 0.49107143, 0.52678573, 0.51785713]","[0.0, 0.5, 0.5, 0.5, 0.5, 0.5, 0.5, 0.5]"
71,7,ibmq_kolkata,AerSimulator,"[0.0, 0.5, 0.5090909, 0.5, 0.5090909, 0.4909091, 0.5090909, 0.5090909]","[0.0, 0.5, 0.5, 0.5, 0.5, 0.5, 0.5, 0.5]"
72,7,ibmq_kolkata,AerSimulator,"[0.0, 0.5043478, 0.51304346, 0.47826087, 0.49565217, 0.5304348, 0.4869565, 0.5217391]","[0.0, 0.5, 0.5, 0.5, 0.5, 0.5, 0.5, 0.5]"
73,7,ibmq_kolkata,AerSimulator,"[0.0, 0.45945945, 0.5225225, 0.5045045, 0.5135135, 0.5135135, 0.4864865, 0.4954955]","[0.0, 0.5, 0.5, 0.5, 0.5, 0.5, 0.5, 0.5]"
74,7,ibmq_kolkata,AerSimulator,"[0.0, 0.5714286, 0.63265306, 0.42857143, 0.36734694, 0.30612245, 0.5102041, 0.48979592]","[0.0, 0.5, 0.5, 0.5, 0.5, 0.5, 0.5, 0.5]"
75,7,ibmq_kolkata,AerSimulator,"[0.0, 0.4375, 0.5833333, 0.45833334, 0.5104167, 0.5104167, 0.44791666, 0.48958334]","[0.0, 0.5, 0.5, 0.5, 0.5, 0.5, 0.5, 0.5]"
76,7,ibmq_kolkata,AerSimulator,"[0.0, 0.4864865, 0.4864865, 0.4954955, 0.5495495, 0.4864865, 0.46846846, 0.5135135]","[0.0, 0.5, 0.5, 0.5, 0.5, 0.5, 0.5, 0.5]"
77,7,ibmq_kolkata,AerSimulator,"[0.0, 0.47863248, 0.47863248, 0.47863248, 0.4957265, 0.47863248, 0.51282054, 0.4957265]","[0.0, 0.5, 0.5, 0.5, 0.5, 0.5, 0.5, 0.5]"
78,7,ibmq_kolkata,AerSimulator,"[0.0, 0.5, 0.51666665, 0.5, 0.51666665, 0.5, 0.48333332, 1.0]","[0.0, 0.5, 0.5, 0.5, 0.5, 0.5, 0.5, 0.5]"
79,7,ibmq_kolkata,AerSimulator,"[0.0, 0.5138889, 0.4861111, 0.6527778, 0.4722222, 0.5694444, 0.5694444, 0.5138889]","[0.0, 0.5, 0.5, 0.5, 0.5, 0.5, 0.5, 0.5]"
80,7,ibmq_kolkata,AerSimulator,"[0.0, 0.5, 0.5, 0.5, 0.0, 0.33333334, 0.6666667, 0.5]","[0.0, 0.5080645, 0.4919355, 0.5080645, 0.48387095, 0.48387095, 0.516129, 0.4919355]"
81,7,ibmq_kolkata,AerSimulator,"[0.0, 0.33333334, 0.0, 0.61904764, 0.47619048, 0.6666667, 0.42857143, 1.0]","[0.0, 0.496, 0.488, 0.512, 0.496, 0.512, 0.504, 0.512]"
82,7,ibmq_kolkata,AerSimulator,"[0.0, 0.47008547, 0.52136755, 0.52136755, 0.4957265, 0.4871795, 0.50427353, 0.51282054]","[0.0, 0.5, 0.5, 0.5, 0.5, 0.5, 0.5, 0.5]"
83,7,ibmq_kolkata,AerSimulator,"[0.0, 0.48387095, 0.5483871, 0.5483871, 0.48387095, 0.516129, 0.516129, 0.516129]","[0.0, 0.5, 0.5, 0.5, 0.5, 0.5, 0.5, 0.5]"
84,7,ibmq_kolkata,AerSimulator,"[0.0, 0.5185185, 0.0, 0.5925926, 0.4814815, 0.0, 0.4074074, 0.4814815]","[0.0, 0.5, 0.48387095, 0.5080645, 0.5080645, 0.516129, 0.48387095, 0.48387095]"
85,7,ibmq_kolkata,AerSimulator,"[0.0, 0.4954955, 0.5315315, 0.5315315, 0.4954955, 0.5135135, 0.5135135, 0.4954955]","[0.0, 0.5, 0.5, 0.5, 0.5, 0.5, 0.5, 0.5]"
86,7,ibmq_kolkata,AerSimulator,"[0.0, 0.6041667, 0.5, 0.39583334, 0.48958334, 0.5, 0.42708334, 0.45833334]","[0.0, 0.5, 0.5, 0.5, 0.5, 0.5, 0.5, 0.5]"
87,7,ibmq_kolkata,AerSimulator,"[0.0, 0.4716981, 0.4716981, 0.4716981, 0.4811321, 0.5754717, 0.5283019, 0.5377358]","[0.0, 0.5, 0.5, 0.5, 0.5, 0.5, 0.5, 0.5]"
88,7,ibmq_kolkata,AerSimulator,"[0.0, 0.0, 0.0, 0.0, 0.0, 0.0, 0.0, 0.0]","[0.0, 0.29411766, 0.29411766, 0.23529412, 0.23529412, 0.9411765, 0.23529412, 0.11764706]"
89,7,ibmq_kolkata,AerSimulator,"[0.0, 0.51304346, 0.4869565, 0.4869565, 0.49565217, 0.5304348, 0.4869565, 0.51304346]","[0.0, 0.5, 0.5, 0.5, 0.5, 0.5, 0.5, 0.5]"
90,7,ibmq_kolkata,AerSimulator,"[0.0, 0.50442475, 0.48672566, 0.53097343, 0.50442475, 0.53097343, 0.49557522, 0.5132743]","[0.0, 0.5, 0.5, 0.5, 0.5, 0.5, 0.5, 0.5]"
91,7,ibmq_kolkata,AerSimulator,"[0.0, 0.5221239, 0.4778761, 0.4778761, 0.539823, 0.4778761, 0.48672566, 0.48672566]","[0.0, 0.5, 0.5, 0.5, 0.5, 0.5, 0.5, 0.5]"
92,7,ibmq_kolkata,AerSimulator,"[0.0, 0.50427353, 0.47863248, 0.50427353, 0.51282054, 0.4957265, 0.4871795, 0.4957265]","[0.0, 0.5, 0.5, 0.5, 0.5, 0.5, 0.5, 0.5]"
93,7,ibmq_kolkata,AerSimulator,"[0.0, 0.4945055, 0.4945055, 0.46153846, 0.61538464, 0.50549453, 0.51648355, 0.48351648]","[0.0, 0.5, 0.5, 0.5, 0.5, 0.5, 0.5, 0.5]"
94,7,ibmq_kolkata,AerSimulator,"[0.0, 0.5, 0.49137932, 0.51724136, 0.4827586, 0.5258621, 0.5, 0.49137932]","[0.0, 0.5, 0.5, 0.5, 0.5, 0.5, 0.5, 0.5]"
95,7,ibmq_kolkata,AerSimulator,"[0.0, 0.30136988, 0.56164384, 0.49315068, 0.47945204, 0.53424656, 0.47945204, 0.49315068]","[0.0, 0.47945204, 0.5068493, 0.5068493, 0.49315068, 0.53424656, 0.8767123, 0.5068493]"
96,7,ibmq_kolkata,AerSimulator,"[0.0, 0.525, 0.525, 0.45, 0.3875, 0.375, 0.4625, 0.4875]","[0.0, 0.5, 0.5, 0.5, 0.5, 0.5, 0.5, 0.5]"
97,7,ibmq_kolkata,AerSimulator,"[0.0, 0.78571427, 0.71428573, 0.44642857, 0.48214287, 0.53571427, 0.44642857, 0.5]","[0.0, 0.5, 0.5, 0.5, 0.5, 0.5, 0.5, 0.5]"
98,7,ibmq_kolkata,AerSimulator,"[0.0, 0.48623854, 0.4678899, 0.5045872, 0.5229358, 0.51376146, 0.48623854, 0.49541286]","[0.0, 0.52272725, 0.72727275, 0.5113636, 0.45454547, 0.47727272, 0.5113636, 0.5]"
99,7,ibmq_kolkata,AerSimulator,"[0.0, 0.35211268, 0.43661973, 0.49295774, 0.52112675, 0.57746476, 0.33802816, 0.47887325]","[0.0, 0.5, 0.5, 0.5, 0.5, 0.5, 0.5, 0.5]"
100,7,ibmq_kolkata,AerSimulator,"[0.0, 0.5135135, 0.4864865, 0.4954955, 0.4864865, 0.5045045, 0.4954955, 0.5135135]","[0.0, 0.5, 0.5, 0.5, 0.5, 0.5, 0.5, 0.5]"
101,7,ibmq_kolkata,AerSimulator,"[0.0, 0.49557522, 0.5221239, 0.5132743, 0.5132743, 0.49557522, 0.50442475, 0.49557522]","[0.0, 0.5, 0.5, 0.5, 0.5, 0.5, 0.5, 0.5]"
102,7,ibmq_kolkata,AerSimulator,"[0.0, 0.51724136, 0.5086207, 0.4827586, 0.5, 0.49137932, 0.5258621, 0.51724136]","[0.0, 0.5, 0.5, 0.5, 0.5, 0.5, 0.5, 0.5]"
103,7,ibmq_kolkata,AerSimulator,"[0.0, 0.5, 0.48214287, 0.5, 0.5089286, 0.49107143, 0.49107143, 0.51785713]","[0.0, 0.5, 0.5, 0.5, 0.5, 0.5, 0.5, 0.5]"
104,7,ibmq_kolkata,AerSimulator,"[0.0, 0.018867925, 0.5471698, 0.4716981, 0.41509435, 0.43396226, 0.509434, 0.509434]","[0.0, 0.5, 0.5, 0.5, 0.5, 0.5, 0.5, 0.5]"
105,7,ibmq_kolkata,AerSimulator,"[0.0, 0.5, 0.33333334, 0.5, 0.0, 0.6666667, 0.5, 0.0]","[0.0, 0.504, 0.488, 0.504, 0.496, 0.512, 0.496, 0.488]"
106,7,ibmq_kolkata,AerSimulator,"[0.0, 0.49586776, 0.5289256, 0.5123967, 0.5123967, 0.5123967, 0.49586776, 0.49586776]","[0.0, 0.5, 0.5, 0.5, 0.5, 0.5, 0.5, 0.5]"
107,7,ibmq_kolkata,AerSimulator,"[0.0, 0.0, 0.0, 0.0, 0.0, 0.0, 0.0, 0.0]","[0.0, 0.3, 0.3, 0.25, 0.3, 0.95, 0.3, 0.1]"
108,7,ibmq_kolkata,AerSimulator,"[0.0, 0.5, 0.49107143, 0.48214287, 0.5089286, 0.49107143, 0.49107143, 0.48214287]","[0.0, 0.5, 0.5, 0.5, 0.5, 0.5, 0.5, 0.5]"
109,7,ibmq_kolkata,AerSimulator,"[0.0, 0.50961536, 0.45192307, 0.5480769, 0.4903846, 0.53846157, 0.5, 0.46153846]","[0.0, 0.5, 0.5, 0.5, 0.5, 0.5, 0.5, 0.5]"
110,7,ibmq_kolkata,AerSimulator,"[0.0, 0.4796748, 0.49593496, 0.49593496, 0.49593496, 0.4796748, 0.50406504, 0.49593496]","[0.0, 0.5, 0.5, 0.5, 0.5, 0.5, 0.5, 0.5]"
111,7,ibmq_kolkata,AerSimulator,"[0.0, 0.33333334, 0.5, 0.0, 0.5833333, 0.0, 0.5833333, 0.5833333]","[0.0, 0.4920635, 0.4920635, 0.4920635, 0.50793654, 0.50793654, 0.5, 0.50793654]"
112,7,ibmq_kolkata,AerSimulator,"[0.0, 0.0, 1.0, 0.5, 0.0, 0.0, 0.0, 0.0]","[0.0, 0.45945945, 0.6486486, 0.47297296, 0.33783785, 0.3243243, 0.4189189, 0.5]"
113,7,ibmq_kolkata,AerSimulator,"[0.0, 0.50877196, 0.51754385, 0.5, 0.51754385, 0.48245615, 0.5, 0.50877196]","[0.0, 0.5, 0.5, 0.5, 0.5, 0.5, 0.5, 0.5]"
114,7,ibmq_kolkata,AerSimulator,"[0.0, 0.5777778, 0.5777778, 0.44444445, 0.37777779, 0.5555556, 0.0, 0.6]","[0.0, 0.5, 0.5, 0.5, 0.5, 0.5, 0.5, 0.5]"
115,7,ibmq_kolkata,AerSimulator,"[0.0, 0.49137932, 0.5, 0.49137932, 0.4827586, 0.5086207, 0.49137932, 0.5]","[0.0, 0.5, 0.5, 0.5, 0.5, 0.5, 0.5, 0.5]"
116,7,ibmq_kolkata,AerSimulator,"[0.0, 0.49579832, 0.5126051, 0.5042017, 0.5126051, 0.5042017, 0.5042017, 0.5042017]","[0.0, 0.5, 0.5, 0.5, 0.5, 0.5, 0.5, 0.5]"
117,7,ibmq_kolkata,AerSimulator,"[0.0, 0.53097343, 0.48672566, 0.5132743, 0.50442475, 0.5132743, 0.539823, 0.4778761]","[0.0, 0.5, 0.5, 0.5, 0.5, 0.5, 0.5, 0.5]"
118,7,ibmq_kolkata,AerSimulator,"[0.0, 0.5321101, 0.51376146, 0.559633, 0.51376146, 0.47706422, 0.48623854, 0.49541286]","[0.0, 0.5, 0.5, 0.5, 0.5, 0.5, 0.5, 0.5]"
119,7,ibmq_kolkata,AerSimulator,"[0.0, 0.5046729, 0.5046729, 0.47663552, 0.53271025, 0.49532712, 0.5046729, 0.48598132]","[0.0, 0.5, 0.5, 0.5, 0.5, 0.5, 0.5, 0.5]"
120,7,ibmq_kolkata,AerSimulator,"[0.0, 0.50961536, 0.50961536, 0.48076922, 0.5192308, 0.5192308, 0.5, 0.5]","[0.0, 0.5, 0.5, 0.5, 0.5, 0.5, 0.5, 0.5]"
121,7,ibmq_kolkata,AerSimulator,"[0.0, 0.49122807, 0.48245615, 0.47368422, 0.5263158, 0.51754385, 0.49122807, 0.48245615]","[0.0, 0.5, 0.5, 0.5, 0.5, 0.5, 0.5, 0.5]"
122,7,ibmq_kolkata,AerSimulator,"[0.0, 1.0, 0.5, 0.0, 0.0, 0.5, 0.0, 0.0]","[0.0, 0.6547619, 0.53571427, 0.45238096, 0.41666666, 0.41666666, 0.5, 0.47619048]"
123,7,ibmq_kolkata,AerSimulator,"[0.0, 0.51785713, 0.5089286, 0.5089286, 0.49107143, 0.49107143, 0.5089286, 0.51785713]","[0.0, 0.5, 0.5, 0.5, 0.5, 0.5, 0.5, 0.5]"
124,7,ibmq_kolkata,AerSimulator,"[0.0, 0.48245615, 0.48245615, 0.51754385, 0.50877196, 0.50877196, 0.50877196, 0.49122807]","[0.0, 0.5, 0.5, 0.5, 0.5, 0.5, 0.5, 0.5]"
125,7,ibmq_kolkata,AerSimulator,"[0.0, 0.0, 0.0, 0.0, 0.5, 0.6666667, 0.0, 0.6666667]","[0.0, 0.41666666, 0.47619048, 0.29761904, 0.48809522, 0.5833333, 0.48809522, 0.5714286]"
126,7,ibmq_kolkata,AerSimulator,"[0.0, 0.49074075, 0.4814815, 0.46296296, 0.49074075, 0.5092593, 0.4814815, 0.46296296]","[0.0, 0.5119048, 0.47619048, 0.48809522, 0.5119048, 0.5, 0.7619048, 0.48809522]"
127,7,ibmq_kolkata,AerSimulator,"[0.0, 0.5, 0.49074075, 0.5092593, 0.49074075, 0.5, 0.5277778, 0.5092593]","[0.0, 0.5, 0.5, 0.5, 0.5, 0.5, 0.5, 0.5]"
128,7,ibmq_kolkata,AerSimulator,"[0.0, 0.5, 0.4915254, 0.4915254, 0.5169492, 0.5084746, 0.5, 0.48305085]","[0.0, 0.5, 0.5, 0.5, 0.5, 0.5, 0.5, 0.5]"
129,7,ibmq_kolkata,AerSimulator,"[0.0, 0.5132743, 0.4778761, 0.5132743, 0.50442475, 0.50442475, 0.48672566, 0.49557522]","[0.0, 0.5, 0.5, 0.5, 0.5, 0.5, 0.5, 0.5]"
130,7,ibmq_kolkata,AerSimulator,"[0.0, 0.5169492, 0.5084746, 0.5084746, 0.4915254, 0.48305085, 0.4915254, 0.5]","[0.0, 0.5, 0.5, 0.5, 0.5, 0.5, 0.5, 0.5]"
131,7,ibmq_kolkata,AerSimulator,"[0.0, 0.4778761, 0.49557522, 0.4778761, 0.53097343, 0.50442475, 0.50442475, 0.49557522]","[0.0, 0.5, 0.5, 0.5, 0.5, 0.5, 0.5, 0.5]"
132,7,ibmq_kolkata,AerSimulator,"[0.0, 0.5225225, 0.5135135, 0.46846846, 0.45945945, 0.5315315, 0.5045045, 0.5315315]","[0.0, 0.5, 0.5, 0.5, 0.5, 0.5, 0.5, 0.5]"
133,7,ibmq_kolkata,AerSimulator,"[0.0, 0.4954955, 0.5405405, 0.5135135, 0.4954955, 0.4954955, 0.4954955, 0.5045045]","[0.0, 0.5, 0.5, 0.5, 0.5, 0.5, 0.5, 0.5]"
134,7,ibmq_kolkata,AerSimulator,"[0.0, 0.5, 0.5272727, 0.5090909, 0.45454547, 0.5, 0.5272727, 0.5272727]","[0.0, 0.5, 0.5, 0.5, 0.5, 0.5, 0.5, 0.5]"
135,7,ibmq_kolkata,AerSimulator,"[0.0, 0.51304346, 0.4695652, 0.49565217, 0.4869565, 0.4869565, 0.5043478, 0.4869565]","[0.0, 0.5, 0.5, 0.5, 0.5, 0.5, 0.5, 0.5]"
136,7,ibmq_kolkata,AerSimulator,"[0.0, 0.51960784, 0.49019608, 0.50980395, 0.5294118, 0.5882353, 0.50980395, 0.5294118]","[0.0, 0.5, 0.5, 0.5, 0.5, 0.5, 0.5, 0.5]"
137,7,ibmq_kolkata,AerSimulator,"[0.0, 0.48672566, 0.48672566, 0.48672566, 0.5221239, 0.46902654, 0.50442475, 0.46902654]","[0.0, 0.5, 0.5, 0.5, 0.5, 0.5, 0.5, 0.5]"
138,7,ibmq_kolkata,AerSimulator,"[0.0, 0.4869565, 0.49565217, 0.49565217, 0.5043478, 0.49565217, 0.5043478, 0.5043478]","[0.0, 0.5, 0.5, 0.5, 0.5, 0.5, 0.5, 0.5]"
139,7,ibmq_kolkata,AerSimulator,"[0.0, 0.5043478, 0.4869565, 0.51304346, 0.49565217, 0.4869565, 0.49565217, 0.5043478]","[0.0, 0.5, 0.5, 0.5, 0.5, 0.5, 0.5, 0.5]"
140,7,ibmq_kolkata,AerSimulator,"[0.0, 0.51754385, 0.49122807, 0.49122807, 0.50877196, 0.48245615, 0.49122807, 0.49122807]","[0.0, 0.5, 0.5, 0.5, 0.5, 0.5, 0.5, 0.5]"
141,7,ibmq_kolkata,AerSimulator,"[0.0, 0.0, 0.0, 0.5, 0.5, 0.0, 0.0, 0.5]","[0.0, 0.44117647, 0.47058824, 0.5441176, 0.47058824, 0.3529412, 0.44117647, 0.20588236]"
142,7,ibmq_kolkata,AerSimulator,"[0.0, 0.48214287, 0.49107143, 0.5, 0.48214287, 0.5089286, 0.4642857, 0.48214287]","[0.0, 0.5, 0.5, 0.5, 0.5, 0.5, 0.5, 0.5]"
143,7,ibmq_kolkata,AerSimulator,"[0.0, 0.4642857, 0.53571427, 0.0, 0.53571427, 0.42857143, 0.53571427, 0.53571427]","[0.0, 0.50476193, 0.4952381, 0.3904762, 0.4952381, 0.47619048, 0.51428574, 0.50476193]"
144,7,ibmq_kolkata,AerSimulator,"[0.0, 0.49541286, 0.47706422, 0.48623854, 0.5412844, 0.5045872, 0.49541286, 0.5412844]","[0.0, 0.5, 0.5, 0.5, 0.5, 0.5, 0.5, 0.5]"
145,7,ibmq_kolkata,AerSimulator,"[0.0, 0.5, 0.0, 0.0, 0.5, 0.5, 0.0, 0.0]","[0.0, 0.5, 0.5, 0.5, 0.5, 0.5, 0.5, 0.5]"
146,7,ibmq_kolkata,AerSimulator,"[0.0, 0.4909091, 0.48181817, 0.46363637, 0.53636366, 0.5181818, 0.5090909, 0.5090909]","[0.0, 0.5, 0.5, 0.5, 0.5, 0.5, 0.5, 0.5]"
147,7,ibmq_kolkata,AerSimulator,"[0.0, 0.4814815, 0.5, 0.5092593, 0.5092593, 0.49074075, 0.5277778, 0.5277778]","[0.0, 0.5, 0.5, 0.5, 0.5, 0.5, 0.5, 0.5]"
148,7,ibmq_kolkata,AerSimulator,"[0.0, 0.5086207, 0.5, 0.5, 0.49137932, 0.47413793, 0.51724136, 0.5]","[0.0, 0.5, 0.5, 0.5, 0.5, 0.5, 0.5, 0.5]"
149,7,ibmq_kolkata,AerSimulator,"[0.0, 0.5, 0.4857143, 0.55714285, 0.51428574, 0.18571429, 0.5714286, 0.47142857]","[0.0, 0.5, 0.5, 0.5, 0.5, 0.5, 0.5, 0.5]"
150,7,ibmq_kolkata,AerSimulator,"[0.0, 0.47368422, 0.51754385, 0.50877196, 0.51754385, 0.51754385, 0.49122807, 0.48245615]","[0.0, 0.5, 0.5, 0.5, 0.5, 0.5, 0.5, 0.5]"
151,7,ibmq_kolkata,AerSimulator,"[0.0, 0.5, 0.5, 0.53333336, 0.46666667, 0.0, 0.0, 0.53333336]","[0.0, 0.58441556, 0.4935065, 0.5194805, 0.38961038, 0.36363637, 0.25974026, 0.53246754]"
152,7,ibmq_kolkata,AerSimulator,"[0.0, 0.53846157, 0.52747256, 0.45054945, 0.48351648, 0.45054945, 0.50549453, 0.5934066]","[0.0, 0.5, 0.5, 0.5, 0.5, 0.5, 0.5, 0.5]"
153,7,ibmq_kolkata,AerSimulator,"[0.0, 0.5, 0.5, 0.5086207, 0.51724136, 0.5086207, 0.51724136, 0.5086207]","[0.0, 0.5, 0.5, 0.5, 0.5, 0.5, 0.5, 0.5]"
154,7,ibmq_kolkata,AerSimulator,"[0.0, 0.4957265, 0.4871795, 0.52991456, 0.50427353, 0.47008547, 0.51282054, 0.4957265]","[0.0, 0.5, 0.5, 0.5, 0.5, 0.5, 0.5, 0.5]"
155,7,ibmq_kolkata,AerSimulator,"[0.0, 0.5, 0.5, 0.49107143, 0.51785713, 0.49107143, 0.49107143, 0.49107143]","[0.0, 0.5, 0.5, 0.5, 0.5, 0.5, 0.5, 0.5]"
156,7,ibmq_kolkata,AerSimulator,"[0.0, 0.51304346, 0.5043478, 0.53913045, 0.49565217, 0.51304346, 0.49565217, 0.5304348]","[0.0, 0.5, 0.5, 0.5, 0.5, 0.5, 0.5, 0.5]"
157,7,ibmq_kolkata,AerSimulator,"[0.0, 0.5, 0.47413793, 0.5344828, 0.49137932, 0.5, 0.5, 0.5258621]","[0.0, 0.5, 0.5, 0.5, 0.5, 0.5, 0.5, 0.5]"
158,7,ibmq_kolkata,AerSimulator,"[0.0, 0.5229358, 0.49541286, 0.48623854, 0.5045872, 0.48623854, 0.49541286, 0.5321101]","[0.0, 0.5212766, 0.5106383, 0.4787234, 0.68085104, 0.5106383, 0.4893617, 0.5212766]"
159,7,ibmq_kolkata,AerSimulator,"[0.0, 0.5131579, 0.55263156, 0.46052632, 0.47368422, 0.5, 0.5131579, 0.27631578]","[0.0, 0.5, 0.5, 0.5, 0.5, 0.5, 0.5, 0.5]"
160,7,ibmq_kolkata,AerSimulator,"[0.0, 0.50427353, 0.50427353, 0.4957265, 0.4957265, 0.4957265, 0.50427353, 0.4871795]","[0.0, 0.5, 0.5, 0.5, 0.5, 0.5, 0.5, 0.5]"
161,7,ibmq_kolkata,AerSimulator,"[0.0, 0.64705884, 0.0, 0.0, 0.47058824, 0.5294118, 0.23529412, 0.47058824]","[0.0, 0.5, 0.5, 0.5, 0.5, 0.5, 0.5, 0.5]"
162,7,ibmq_kolkata,AerSimulator,"[0.0, 0.50427353, 0.4871795, 0.4957265, 0.51282054, 0.4871795, 0.4957265, 0.51282054]","[0.0, 0.5, 0.5, 0.5, 0.5, 0.5, 0.5, 0.5]"
163,7,ibmq_kolkata,AerSimulator,"[0.0, 0.49565217, 0.49565217, 0.5043478, 0.46086955, 0.47826087, 0.5043478, 0.5217391]","[0.0, 0.5, 0.5, 0.5, 0.5, 0.5, 0.5, 0.5]"
164,7,ibmq_kolkata,AerSimulator,"[0.0, 0.5225225, 0.5045045, 0.4864865, 0.5495495, 0.5315315, 0.4954955, 0.45945945]","[0.0, 0.5368421, 0.67368424, 0.5263158, 0.49473685, 0.51578945, 0.51578945, 0.50526315]"
165,7,ibmq_kolkata,AerSimulator,"[0.0, 0.4954955, 0.46846846, 0.4864865, 0.4954955, 0.4864865, 0.46846846, 0.4774775]","[0.0, 0.5, 0.5, 0.5, 0.5, 0.5, 0.5, 0.5]"
166,7,ibmq_kolkata,AerSimulator,"[0.0, 0.5412844, 0.49541286, 0.49541286, 0.5045872, 0.51376146, 0.4678899, 0.51376146]","[0.0, 0.5, 0.5, 0.5, 0.5, 0.5, 0.5, 0.5]"
167,7,ibmq_kolkata,AerSimulator,"[0.0, 0.44262296, 0.6721311, 0.47540984, 0.5081967, 0.4918033, 0.3114754, 0.40983605]","[0.0, 0.5, 0.5, 0.5, 0.5, 0.5, 0.5, 0.5]"
168,7,ibmq_kolkata,AerSimulator,"[0.0, 0.5089286, 0.48214287, 0.51785713, 0.53571427, 0.49107143, 0.48214287, 0.49107143]","[0.0, 0.5, 0.5, 0.5, 0.5, 0.5, 0.5, 0.5]"
169,7,ibmq_kolkata,AerSimulator,"[0.0, 0.0, 0.0, 0.0, 0.0, 0.5, 1.0, 0.0]","[0.0, 0.5045872, 0.48623854, 0.559633, 0.49541286, 0.5045872, 0.56880736, 0.43119267]"
170,7,ibmq_kolkata,AerSimulator,"[0.0, 0.4516129, 0.5, 0.46774194, 0.48387095, 0.48387095, 0.516129, 0.032258064]","[0.0, 0.5, 0.5, 0.5, 0.5, 0.5, 0.5, 0.5]"
171,7,ibmq_kolkata,AerSimulator,"[0.0, 0.0, 0.0, 0.0, 1.0, 0.0, 0.0, 0.0]","[0.0, 0.33962265, 0.43396226, 0.509434, 0.7735849, 0.16981132, 0.43396226, 0.5660377]"
172,7,ibmq_kolkata,AerSimulator,"[0.0, 0.52678573, 0.49107143, 0.49107143, 0.5, 0.51785713, 0.49107143, 0.49107143]","[0.0, 0.5, 0.5, 0.5, 0.5, 0.5, 0.5, 0.5]"
173,7,ibmq_kolkata,AerSimulator,"[0.0, 0.4864865, 0.5, 0.527027, 0.5, 0.4054054, 0.44594595, 0.47297296]","[0.0, 0.5, 0.5, 0.5, 0.5, 0.5, 0.5, 0.5]"
174,7,ibmq_kolkata,AerSimulator,"[0.0, 0.48672566, 0.48672566, 0.460177, 0.48672566, 0.49557522, 0.5221239, 0.49557522]","[0.0, 0.5, 0.5, 0.5, 0.5, 0.5, 0.5, 0.5]"
175,7,ibmq_kolkata,AerSimulator,"[0.0, 0.5089286, 0.5089286, 0.45535713, 0.5, 0.5, 0.48214287, 0.51785713]","[0.0, 0.5, 0.5, 0.5, 0.5, 0.5, 0.5, 0.5]"
176,7,ibmq_kolkata,AerSimulator,"[0.0, 0.49107143, 0.49107143, 0.5089286, 0.52678573, 0.5, 0.5089286, 0.5089286]","[0.0, 0.5, 0.5, 0.5, 0.5, 0.5, 0.5, 0.5]"
177,7,ibmq_kolkata,AerSimulator,"[0.0, 0.53846157, 0.59615386, 0.5, 0.46153846, 0.65384614, 0.6730769, 0.8269231]","[0.0, 0.5, 0.5, 0.5, 0.5, 0.5, 0.5, 0.5]"
178,7,ibmq_kolkata,AerSimulator,"[0.0, 0.5, 0.48181817, 0.4909091, 0.5090909, 0.46363637, 0.5090909, 0.48181817]","[0.0, 0.5, 0.5, 0.5, 0.5, 0.5, 0.5, 0.5]"
179,7,ibmq_kolkata,AerSimulator,"[0.0, 0.53097343, 0.4778761, 0.50442475, 0.5132743, 0.50442475, 0.48672566, 0.539823]","[0.0, 0.5, 0.5, 0.5, 0.5, 0.5, 0.5, 0.5]"
180,7,ibmq_kolkata,AerSimulator,"[0.0, 0.49107143, 0.49107143, 0.4732143, 0.5, 0.5, 0.48214287, 0.5089286]","[0.0, 0.5, 0.5, 0.5, 0.5, 0.5, 0.5, 0.5]"
181,7,ibmq_kolkata,AerSimulator,"[0.0, 0.0, 0.0, 1.0, 0.5, 0.6666667, 0.6666667, 0.0]","[0.0, 0.546875, 0.46875, 0.53125, 0.484375, 0.5, 0.953125, 0.453125]"
182,7,ibmq_kolkata,AerSimulator,"[0.0, 0.5409836, 0.4262295, 0.59016395, 0.4918033, 0.47540984, 0.5081967, 0.47540984]","[0.0, 0.5, 0.5, 0.5, 0.5, 0.5, 0.5, 0.5]"
183,7,ibmq_kolkata,AerSimulator,"[0.0, 0.0, 0.0, 0.0, 0.0, 0.0, 0.0, 0.0]","[0.0, 0.2631579, 0.31578946, 0.2631579, 0.21052632, 0.94736844, 0.2631579, 0.15789473]"
184,7,ibmq_kolkata,AerSimulator,"[0.0, 0.5, 0.5, 0.0, 0.0, 0.5, 0.5, 0.5]","[0.0, 0.5, 0.5, 0.5, 0.5, 0.5, 0.5, 0.5]"
185,7,ibmq_kolkata,AerSimulator,"[0.0, 0.5, 0.52459013, 0.4918033, 0.5, 0.5, 0.48360655, 0.4918033]","[0.0, 0.5, 0.5, 0.5, 0.5, 0.5, 0.5, 0.5]"
186,7,ibmq_kolkata,AerSimulator,"[0.0, 0.0, 0.5, 0.0, 0.5, 1.0, 0.0, 0.0]","[0.0, 0.2972973, 0.4864865, 0.2972973, 0.5405405, 0.8108108, 0.2972973, 0.2972973]"
187,7,ibmq_kolkata,AerSimulator,"[0.0, 0.5, 1.0, 0.0, 0.5, 0.0, 0.0, 1.0]","[0.0, 0.5, 0.53333336, 0.475, 0.5, 0.5083333, 0.5, 0.525]"
188,7,ibmq_kolkata,AerSimulator,"[0.0, 0.5, 0.6666667, 0.5, 0.0, 0.0, 0.6666667, 0.33333334]","[0.0, 0.5041322, 0.5289256, 0.5041322, 0.4876033, 0.47107437, 0.5123967, 0.47107437]"
189,7,ibmq_kolkata,AerSimulator,"[0.0, 0.4857143, 0.44761905, 0.46666667, 0.4952381, 0.51428574, 0.46666667, 0.51428574]","[0.0, 0.5, 0.5, 0.5, 0.5, 0.5, 0.5, 0.5]"
190,7,ibmq_kolkata,AerSimulator,"[0.0, 0.5086207, 0.5086207, 0.5, 0.4827586, 0.5, 0.49137932, 0.51724136]","[0.0, 0.5, 0.5, 0.5, 0.5, 0.5, 0.5, 0.5]"
191,7,ibmq_kolkata,AerSimulator,"[0.0, 0.5042017, 0.5042017, 0.4789916, 0.49579832, 0.49579832, 0.5042017, 0.49579832]","[0.0, 0.5, 0.5, 0.5, 0.5, 0.5, 0.5, 0.5]"
192,7,ibmq_kolkata,AerSimulator,"[0.0, 0.5, 0.5, 0.51785713, 0.5089286, 0.48214287, 0.5, 0.52678573]","[0.0, 0.5, 0.5, 0.5, 0.5, 0.5, 0.5, 0.5]"
193,7,ibmq_kolkata,AerSimulator,"[0.0, 0.5229358, 0.5321101, 0.4678899, 0.49541286, 0.5045872, 0.48623854, 0.49541286]","[0.0, 0.5, 0.5, 0.5, 0.5, 0.5, 0.5, 0.5]"
194,7,ibmq_kolkata,AerSimulator,"[0.0, 0.4649123, 0.47368422, 0.48245615, 0.49122807, 0.48245615, 0.5263158, 0.5]","[0.0, 0.5, 0.5, 0.5, 0.5, 0.5, 0.5, 0.5]"
195,7,ibmq_kolkata,AerSimulator,"[0.0, 0.4814815, 0.5185185, 0.49074075, 0.5092593, 0.49074075, 0.49074075, 0.537037]","[0.0, 0.5, 0.5, 0.5, 0.5, 0.5, 0.5, 0.5]"
196,7,ibmq_kolkata,AerSimulator,"[0.0, 0.47368422, 0.5, 0.49122807, 0.50877196, 0.5, 0.50877196, 0.50877196]","[0.0, 0.5, 0.5, 0.5, 0.5, 0.5, 0.5, 0.5]"
197,7,ibmq_kolkata,AerSimulator,"[0.0, 0.46226415, 0.46226415, 0.49056605, 0.4811321, 0.5, 0.5, 0.509434]","[0.0, 0.5, 0.5, 0.5, 0.5, 0.5, 0.5, 0.5]"
198,7,ibmq_kolkata,AerSimulator,"[0.0, 0.0, 0.5, 0.33333334, 0.0, 0.33333334, 0.5, 0.6666667]","[0.0, 0.5, 0.5, 0.5, 0.5, 0.5, 0.5, 0.5]"
199,7,ibmq_kolkata,AerSimulator,"[0.0, 0.48214287, 0.48214287, 0.49107143, 0.52678573, 0.52678573, 0.5, 0.48214287]","[0.0, 0.5, 0.5, 0.5, 0.5, 0.5, 0.5, 0.5]"
200,7,ibmq_kolkata,AerSimulator,"[0.0, 0.5, 0.0, 0.0, 0.0, 0.5, 0.5, 0.0]","[0.0, 0.49438202, 0.30337077, 0.41573033, 0.43820226, 0.47191012, 0.505618, 0.4494382]"
201,7,ibmq_kolkata,AerSimulator,"[0.0, 0.50877196, 0.5350877, 0.5263158, 0.50877196, 0.47368422, 0.49122807, 0.5263158]","[0.0, 0.5, 0.5, 0.5, 0.5, 0.5, 0.5, 0.5]"
202,7,ibmq_kolkata,AerSimulator,"[0.0, 0.5064935, 0.5974026, 0.46753246, 0.7012987, 0.5194805, 0.58441556, 0.46753246]","[0.0, 0.5, 0.5, 0.5, 0.5, 0.5, 0.5, 0.5]"
203,7,ibmq_kolkata,AerSimulator,"[0.0, 0.5083333, 0.5, 0.5, 0.49166667, 0.48333332, 0.49166667, 0.49166667]","[0.0, 0.5, 0.5, 0.5, 0.5, 0.5, 0.5, 0.5]"
204,7,ibmq_kolkata,AerSimulator,"[0.0, 0.45535713, 0.49107143, 0.5089286, 0.49107143, 0.5, 0.51785713, 0.51785713]","[0.0, 0.5, 0.5, 0.5, 0.5, 0.5, 0.5, 0.5]"
205,7,ibmq_kolkata,AerSimulator,"[0.0, 0.5206612, 0.5206612, 0.5041322, 0.5123967, 0.5041322, 0.5123967, 0.49586776]","[0.0, 0.5277778, 0.5277778, 0.8888889, 0.4722222, 0.5, 0.5138889, 0.5138889]"
206,7,ibmq_kolkata,AerSimulator,"[0.0, 0.5, 0.4909091, 0.5272727, 0.5181818, 0.5272727, 0.5181818, 0.5]","[0.0, 0.5, 0.5, 0.5, 0.5, 0.5, 0.5, 0.5]"
207,7,ibmq_kolkata,AerSimulator,"[0.0, 0.4915254, 0.4915254, 0.5169492, 0.48305085, 0.5084746, 0.5084746, 0.4915254]","[0.0, 0.5, 0.5, 0.5, 0.5, 0.5, 0.5, 0.5]"
208,7,ibmq_kolkata,AerSimulator,"[0.0, 0.49137932, 0.46551725, 0.49137932, 0.49137932, 0.5, 0.5, 0.51724136]","[0.0, 0.5, 0.5, 0.5, 0.5, 0.5, 0.5, 0.5]"
209,7,ibmq_kolkata,AerSimulator,"[0.0, 0.5225225, 0.5135135, 0.4864865, 0.46846846, 0.5045045, 0.4774775, 0.5045045]","[0.0, 0.5, 0.5, 0.5, 0.5, 0.5, 0.5, 0.5]"
210,7,ibmq_kolkata,AerSimulator,"[0.0, 0.49557522, 0.49557522, 0.4778761, 0.50442475, 0.53097343, 0.50442475, 0.4778761]","[0.0, 0.5, 0.5, 0.5, 0.5, 0.5, 0.5, 0.5]"
211,7,ibmq_kolkata,AerSimulator,"[0.0, 0.4952381, 0.44761905, 0.50476193, 0.52380955, 0.54285717, 0.552381, 0.4952381]","[0.0, 0.5, 0.5, 0.5, 0.5, 0.5, 0.5, 0.5]"
212,7,ibmq_kolkata,AerSimulator,"[0.0, 0.0, 0.0, 0.0, 0.0, 0.0, 0.0, 0.5]","[0.0, 0.33333334, 0.125, 0.29166666, 0.16666667, 0.20833333, 0.25, 0.5416667]"
213,7,ibmq_kolkata,AerSimulator,"[0.0, 0.0, 0.53333336, 0.53333336, 0.53333336, 0.5, 0.0, 0.46666667]","[0.0, 0.5, 0.5, 0.5, 0.5, 0.5, 0.5, 0.5]"
214,7,ibmq_kolkata,AerSimulator,"[0.0, 0.5, 0.50877196, 0.50877196, 0.5, 0.49122807, 0.5263158, 0.50877196]","[0.0, 0.5, 0.5, 0.5, 0.5, 0.5, 0.5, 0.5]"
215,7,ibmq_kolkata,AerSimulator,"[0.0, 0.5, 0.4827586, 0.4827586, 0.49137932, 0.5, 0.46551725, 0.47413793]","[0.0, 0.5, 0.5, 0.5, 0.5, 0.5, 0.5, 0.5]"
216,7,ibmq_kolkata,AerSimulator,"[0.0, 0.23529412, 0.11764706, 1.0, 0.47058824, 0.3529412, 0.29411766, 0.1764706]","[0.0, 0.3846154, 0.3653846, 0.8269231, 0.5769231, 0.26923078, 0.3653846, 0.42307693]"
217,7,ibmq_kolkata,AerSimulator,"[0.0, 0.5229358, 0.49541286, 0.51376146, 0.49541286, 0.47706422, 0.47706422, 0.4678899]","[0.0, 0.5, 0.5, 0.5, 0.5, 0.5, 0.5, 0.5]"
218,7,ibmq_kolkata,AerSimulator,"[0.0, 0.48305085, 0.5, 0.5084746, 0.48305085, 0.4915254, 0.5169492, 0.5084746]","[0.0, 0.5, 0.5, 0.5, 0.5, 0.5, 0.5, 0.5]"
219,7,ibmq_kolkata,AerSimulator,"[0.0, 0.5188679, 0.509434, 0.5283019, 0.509434, 0.5188679, 0.49056605, 0.5188679]","[0.0, 0.5, 0.5, 0.5, 0.5, 0.5, 0.5, 0.5]"
220,7,ibmq_kolkata,AerSimulator,"[0.0, 0.0, 0.0, 0.5, 0.0, 0.5, 0.5, 0.0]","[0.0, 0.4347826, 0.3768116, 0.5507246, 0.2753623, 0.44927537, 0.5072464, 0.36231884]"
221,7,ibmq_kolkata,AerSimulator,"[0.0, 0.47826087, 0.49565217, 0.49565217, 0.51304346, 0.47826087, 0.4869565, 0.5304348]","[0.0, 0.5, 0.5, 0.5, 0.9411765, 0.5, 0.47058824, 0.4852941]"
222,7,ibmq_kolkata,AerSimulator,"[0.0, 0.0, 0.5614035, 0.50877196, 0.49122807, 0.49122807, 0.49122807, 0.5614035]","[0.0, 0.5, 0.5, 0.5, 0.5, 0.5, 0.5, 0.5]"
223,7,ibmq_kolkata,AerSimulator,"[0.0, 0.5043478, 0.5304348, 0.4695652, 0.5043478, 0.49565217, 0.5043478, 0.4869565]","[0.0, 0.5, 0.5, 0.5, 0.5, 0.5, 0.5, 0.5]"
224,7,ibmq_kolkata,AerSimulator,"[0.0, 0.5086207, 0.51724136, 0.4827586, 0.5, 0.5086207, 0.51724136, 0.5086207]","[0.0, 0.5, 0.5, 0.5, 0.5, 0.5, 0.5, 0.5]"
225,7,ibmq_kolkata,AerSimulator,"[0.0, 0.5, 0.5258621, 0.4827586, 0.5086207, 0.49137932, 0.5258621, 0.5]","[0.0, 0.5, 0.5, 0.5, 0.5, 0.5, 0.5, 0.5]"
226,7,ibmq_kolkata,AerSimulator,"[0.0, 0.537037, 0.5092593, 0.46296296, 0.5, 0.5092593, 0.5277778, 0.5092593]","[0.0, 0.5, 0.5, 0.5, 0.5, 0.5, 0.5, 0.5]"
227,7,ibmq_kolkata,AerSimulator,"[0.0, 0.53571427, 0.49107143, 0.51785713, 0.48214287, 0.51785713, 0.52678573, 0.49107143]","[0.0, 0.5, 0.5, 0.5, 0.5, 0.5, 0.5, 0.5]"
228,7,ibmq_kolkata,AerSimulator,"[0.0, 0.49107143, 0.49107143, 0.51785713, 0.49107143, 0.5089286, 0.49107143, 0.51785713]","[0.0, 0.5, 0.5, 0.5, 0.5, 0.5, 0.5, 0.5]"
229,7,ibmq_kolkata,AerSimulator,"[0.0, 0.7659575, 0.5744681, 0.40425533, 0.80851066, 0.61702126, 0.5106383, 0.5319149]","[0.0, 0.5, 0.5, 0.5, 0.5, 0.5, 0.5, 0.5]"
230,7,ibmq_kolkata,AerSimulator,"[0.0, 0.5169492, 0.5084746, 0.5, 0.5084746, 0.5, 0.4915254, 0.5]","[0.0, 0.5, 0.5, 0.5, 0.5, 0.5, 0.5, 0.5]"
231,7,ibmq_kolkata,AerSimulator,"[0.0, 0.5277778, 0.4814815, 0.5, 0.5833333, 0.4722222, 0.49074075, 0.49074075]","[0.0, 0.5, 0.5, 0.5, 0.5, 0.5, 0.5, 0.5]"
232,7,ibmq_kolkata,AerSimulator,"[0.0, 0.5043478, 0.5304348, 0.51304346, 0.5043478, 0.47826087, 0.51304346, 0.4869565]","[0.0, 0.5, 0.5, 0.5, 0.5, 0.5, 0.5, 0.5]"
233,7,ibmq_kolkata,AerSimulator,"[0.0, 0.5, 0.3, 0.2, 0.55, 0.5, 0.15, 0.5]","[0.0, 0.5, 0.5, 0.5, 0.5, 0.5, 0.5, 0.5]"
234,7,ibmq_kolkata,AerSimulator,"[0.0, 0.4789916, 0.52100843, 0.49579832, 0.52100843, 0.5042017, 0.48739496, 0.5126051]","[0.0, 0.5, 0.5, 0.5, 0.5, 0.5, 0.5, 0.5]"
235,7,ibmq_kolkata,AerSimulator,"[0.0, 0.51304346, 0.4869565, 0.51304346, 0.4869565, 0.53913045, 0.49565217, 0.5304348]","[0.0, 0.5, 0.5, 0.5, 0.5, 0.5, 0.5, 0.5]"
236,7,ibmq_kolkata,AerSimulator,"[0.0, 0.4871795, 0.4957265, 0.4957265, 0.4871795, 0.51282054, 0.51282054, 0.4957265]","[0.0, 0.5, 0.5, 0.5, 0.5, 0.5, 0.5, 0.5]"
237,7,ibmq_kolkata,AerSimulator,"[0.0, 0.4909091, 0.5181818, 0.47272727, 0.4909091, 0.5090909, 0.5181818, 0.5]","[0.0, 0.5, 0.5, 0.5, 0.5, 0.5, 0.5, 0.5]"
238,7,ibmq_kolkata,AerSimulator,"[0.0, 0.50877196, 0.5, 0.48245615, 0.50877196, 0.48245615, 0.50877196, 0.50877196]","[0.0, 0.5, 0.5, 0.5, 0.5, 0.5, 0.5, 0.5]"
239,7,ibmq_kolkata,AerSimulator,"[0.0, 0.5, 0.5, 0.52678573, 0.49107143, 0.51785713, 0.48214287, 0.5]","[0.0, 0.5, 0.5, 0.5, 0.5, 0.5, 0.5, 0.5]"
240,7,ibmq_kolkata,AerSimulator,"[0.0, 0.5, 0.49107143, 0.49107143, 0.53571427, 0.49107143, 0.48214287, 0.48214287]","[0.0, 0.5, 0.5, 0.5, 0.5, 0.5, 0.5, 0.5]"
241,7,ibmq_kolkata,AerSimulator,"[0.0, 0.4869565, 0.49565217, 0.4869565, 0.4869565, 0.5043478, 0.51304346, 0.5043478]","[0.0, 0.5, 0.5, 0.5, 0.5, 0.5, 0.5, 0.5]"
242,7,ibmq_kolkata,AerSimulator,"[0.0, 0.0, 0.0, 0.0, 0.0, 0.0, 0.0, 0.0]","[0.0, 0.96875, 0.375, 0.375, 0.28125, 0.46875, 0.28125, 0.3125]"
243,7,ibmq_kolkata,AerSimulator,"[0.0, 0.50442475, 0.4778761, 0.45132744, 0.5132743, 0.46902654, 0.50442475, 0.49557522]","[0.0, 0.5, 0.5, 0.5, 0.5, 0.5, 0.5, 0.5]"
244,7,ibmq_kolkata,AerSimulator,"[0.0, 0.5140187, 0.53271025, 0.48598132, 0.5046729, 0.5233645, 0.49532712, 0.5046729]","[0.0, 0.5, 0.5, 0.5, 0.5, 0.5, 0.5, 0.5]"
245,7,ibmq_kolkata,AerSimulator,"[0.0, 0.5315315, 0.4864865, 0.4954955, 0.5495495, 0.5405405, 0.4864865, 0.45045045]","[0.0, 0.5, 0.5, 0.5, 0.5, 0.5, 0.5, 0.5]"
246,7,ibmq_kolkata,AerSimulator,"[0.0, 0.0, 0.55172414, 0.51724136, 0.5344828, 0.5344828, 0.55172414, 0.5]","[0.0, 0.5, 0.5, 0.5, 0.5, 0.5, 0.5, 0.5]"
247,7,ibmq_kolkata,AerSimulator,"[0.0, 0.4954955, 0.5225225, 0.5045045, 0.5135135, 0.5135135, 0.4954955, 0.5045045]","[0.0, 0.5, 0.5, 0.5, 0.5, 0.5, 0.5, 0.5]"
248,7,ibmq_kolkata,AerSimulator,"[0.0, 0.5744681, 0.4680851, 0.5531915, 0.4893617, 0.40425533, 0.42553192, 0.0]","[0.0, 0.5, 0.5, 0.5, 0.5, 0.5, 0.5, 0.5]"
249,7,ibmq_kolkata,AerSimulator,"[0.0, 0.5221239, 0.4778761, 0.5132743, 0.4778761, 0.49557522, 0.49557522, 0.49557522]","[0.0, 0.5, 0.5, 0.5, 0.5, 0.5, 0.5, 0.5]"
